## CADD GRCh38-v1.6 (c) University of Washington, Hudson-Alpha Institute for Biotechnology and Berlin Institute of Health 2013-2020. All rights reserved.
#Chrom	Pos	Ref	Alt	Type	Length	AnnoType	Consequence	ConsScore	ConsDetail	GC	CpG	motifECount	motifEName	motifEHIPos	motifEScoreChng	oAA	nAA	GeneID	FeatureID	GeneName	CCDS	Intron	Exon	cDNApos	relcDNApos	CDSpos	relCDSpos	protPos	relProtPos	Domain	Dst2Splice	Dst2SplType	minDistTSS	minDistTSE	SIFTcat	SIFTval	PolyPhenCat	PolyPhenVal	priPhCons	mamPhCons	verPhCons	priPhyloP	mamPhyloP	verPhyloP	bStatistic	targetScan	mirSVR-Score	mirSVR-E	mirSVR-Aln	cHmm_E1	cHmm_E2	cHmm_E3	cHmm_E4	cHmm_E5	cHmm_E6	cHmm_E7	cHmm_E8	cHmm_E9	cHmm_E10	cHmm_E11	cHmm_E12	cHmm_E13	cHmm_E14	cHmm_E15	cHmm_E16	cHmm_E17	cHmm_E18	cHmm_E19	cHmm_E20	cHmm_E21	cHmm_E22	cHmm_E23	cHmm_E24	cHmm_E25	GerpRS	GerpRSpval	GerpN	GerpS	tOverlapMotifs	motifDist	EncodeH3K4me1-sum	EncodeH3K4me1-max	EncodeH3K4me2-sum	EncodeH3K4me2-max	EncodeH3K4me3-sum	EncodeH3K4me3-max	EncodeH3K9ac-sum	EncodeH3K9ac-max	EncodeH3K9me3-sum	EncodeH3K9me3-max	EncodeH3K27ac-sum	EncodeH3K27ac-max	EncodeH3K27me3-sum	EncodeH3K27me3-max	EncodeH3K36me3-sum	EncodeH3K36me3-max	EncodeH3K79me2-sum	EncodeH3K79me2-max	EncodeH4K20me1-sum	EncodeH4K20me1-max	EncodeH2AFZ-sum	EncodeH2AFZ-max	EncodeDNase-sum	EncodeDNase-max	EncodetotalRNA-sum	EncodetotalRNA-max	Grantham	SpliceAI-acc-gain	SpliceAI-acc-loss	SpliceAI-don-gain	SpliceAI-don-loss	MMSp_acceptorIntron	MMSp_acceptor	MMSp_exon	MMSp_donor	MMSp_donorIntron	Dist2Mutation	Freq100bp	Rare100bp	Sngl100bp	Freq1000bp	Rare1000bp	Sngl1000bp	Freq10000bp	Rare10000bp	Sngl10000bp	EnsembleRegulatoryFeature	dbscSNV-ada_score	dbscSNV-rf_score	RemapOverlapTF	RemapOverlapCL	RawScore	PHRED
10	119676752	A	T	SNV	0	CodingTranscript	NON_SYNONYMOUS	7	missense	0.616	0.013	NA	NA	NA	NA	T	S	ENSG00000151929	ENST00000369085	BAG3	CCDS7615.1	NA	4/4	1504	0.585	1198	0.693	400	0.696	lcompl	NA	NA	20142	45	tolerated	0.3	benign	0.001	0.629	0.995	0.999	-0.508	0.171	0.887	912	NA	NA	NA	NA	0	0	0	1	0	0	12	21	4	3	3	0	0	2	2	0	0	0	0	0	0	0	0	0	0	3232.29	2.06098e-276	6.54	2.66	NA	NA	15.91	3.20	6.85	1.09	7.82	1.78	13.64	2.31	7.25	2.02	13.07	3.05	4.57	1.40	55.43	11.69	34.83	7.32	16.83	3.27	6.87	1.60	0.47	0.10	4.40	0.87	58	0	0	0	0	0	0	-0.004	0	0	32	1	0	16	4	4	149	27	58	1363	NA	NA	NA	6	6	1.111077	12.88
10	119676753	C	T	SNV	0	CodingTranscript	NON_SYNONYMOUS	7	missense	0.609	0.013	NA	NA	NA	NA	T	I	ENSG00000151929	ENST00000369085	BAG3	CCDS7615.1	NA	4/4	1505	0.585	1199	0.694	400	0.696	lcompl	NA	NA	20143	46	deleterious	0.03	benign	0.014	0.625	0.997	1	0.418	2.907	4.094	912	NA	NA	NA	NA	0	0	0	1	0	0	12	21	4	3	3	0	0	2	2	0	0	0	0	0	0	0	0	0	0	3232.29	2.06098e-276	6.54	6.54	NA	NA	15.80	3.20	6.85	1.09	7.82	1.78	13.39	2.31	7.25	2.02	12.80	3.05	4.36	1.40	55.43	11.69	33.63	6.37	18.19	4.09	6.87	1.60	0.47	0.10	4.41	0.87	89	0	0	0	0	0	0	-0.006	0	0	32	1	0	16	4	4	150	27	58	1363	NA	NA	NA	6	6	2.604955	22.6
10	119676755	G	A	SNV	0	CodingTranscript	NON_SYNONYMOUS	7	missense	0.616	0.013	NA	NA	NA	NA	A	T	ENSG00000151929	ENST00000369085	BAG3	CCDS7615.1	NA	4/4	1507	0.586	1201	0.695	401	0.697	lcompl	NA	NA	20145	48	tolerated	0.15	benign	0.003	0.624	0.99	1	0.595	1.458	1.816	912	NA	NA	NA	NA	0	0	0	1	0	0	12	21	4	3	3	0	0	2	2	0	0	0	0	0	0	0	0	0	0	3232.29	2.06098e-276	6.54	3.72	NA	NA	16	3.66	6.87	1.11	7.82	1.78	12.38	2.31	7.25	2.02	12.12	3.05	3.55	0.83	54.49	11.69	32.41	6.55	18.20	3.27	6.77	1.76	0.47	0.10	4.45	0.87	58	0	0	0	0	0	0	-0.005	0	0	32	1	0	17	4	4	149	27	58	1363	NA	NA	NA	6	6	1.839144	18.02
10	119676756	C	G	SNV	0	CodingTranscript	NON_SYNONYMOUS	7	missense	0.609	0.013	NA	NA	NA	NA	A	G	ENSG00000151929	ENST00000369085	BAG3	CCDS7615.1	NA	4/4	1508	0.587	1202	0.696	401	0.697	lcompl	NA	NA	20146	49	tolerated	0.06	benign	0.019	0.641	0.953	0.985	0.418	0.942	1.355	912	NA	NA	NA	NA	0	0	0	1	0	0	12	21	4	3	3	0	0	2	2	0	0	0	0	0	0	0	0	0	0	3232.29	2.06098e-276	6.54	4.72	NA	NA	16.11	3.66	7.12	1.11	7.82	1.78	12.33	2.31	7.25	2.02	12.12	3.05	3.97	0.83	54.49	11.69	32.09	6.55	18.03	3.27	6.77	1.76	0.47	0.10	4.48	0.87	60	0	0	0	0	0	0	0.004	0	0	32	1	0	16	4	4	149	27	58	1363	NA	NA	NA	6	6	1.852838	18.13
10	119676756	C	T	SNV	0	CodingTranscript	NON_SYNONYMOUS	7	missense	0.609	0.013	NA	NA	NA	NA	A	V	ENSG00000151929	ENST00000369085	BAG3	CCDS7615.1	NA	4/4	1508	0.587	1202	0.696	401	0.697	lcompl	NA	NA	20146	49	tolerated	0.21	benign	0.001	0.641	0.953	0.985	0.418	0.942	1.355	912	NA	NA	NA	NA	0	0	0	1	0	0	12	21	4	3	3	0	0	2	2	0	0	0	0	0	0	0	0	0	0	3232.29	2.06098e-276	6.54	4.72	NA	NA	16.11	3.66	7.12	1.11	7.82	1.78	12.33	2.31	7.25	2.02	12.12	3.05	3.97	0.83	54.49	11.69	32.09	6.55	18.03	3.27	6.77	1.76	0.47	0.10	4.48	0.87	64	0	0	0	0	0	0	-0.002	0	0	32	1	0	16	4	4	149	27	58	1363	NA	NA	NA	6	6	1.790504	17.66
10	119676764	G	A	SNV	0	CodingTranscript	NON_SYNONYMOUS	7	missense	0.603	0.013	NA	NA	NA	NA	E	K	ENSG00000151929	ENST00000369085	BAG3	CCDS7615.1	NA	4/4	1516	0.59	1210	0.7	404	0.703	lcompl	NA	NA	20154	57	deleterious	0.04	benign	0.031	0.641	0.861	1	0.595	4.494	7.102	912	NA	NA	NA	NA	0	0	0	1	0	0	12	21	4	3	3	0	0	2	2	0	0	0	0	0	0	0	0	0	0	3232.29	2.06098e-276	6.54	6.54	NA	NA	16.58	3.20	7.58	1.11	7.88	1.78	12.08	2.31	6.81	1.62	12.95	3.49	4.35	0.83	55.15	12.47	30.95	6.37	16.76	3.02	6.64	1.76	0.47	0.10	4.45	0.87	56	0	0	0	0	0	0	-0.015	0	0	32	1	0	15	4	4	151	27	59	1363	NA	NA	NA	6	6	3.124232	23.7
10	119676767	G	T	SNV	0	CodingTranscript	NON_SYNONYMOUS	7	missense	0.596	0.013	NA	NA	NA	NA	A	S	ENSG00000151929	ENST00000369085	BAG3	CCDS7615.1	NA	4/4	1519	0.591	1213	0.702	405	0.704	lcompl	NA	NA	20157	60	tolerated	0.14	benign	0.006	0.522	0.005	0.007	0.595	-0.014	0.42	912	NA	NA	NA	NA	0	0	0	1	0	0	12	21	4	3	3	0	0	2	2	0	0	0	0	0	0	0	0	0	0	3232.29	2.06098e-276	6.54	-1.57	NA	NA	16.84	3.20	7.58	1.11	8.06	1.78	11.67	2.31	6.81	1.62	13.09	3.49	4.28	0.83	52.87	10.91	30.56	6.37	16.07	3.02	6.55	1.76	0.47	0.12	4.38	0.87	99	0	0	0	0	0	0	-0.004	0	0	9	1	0	13	4	4	151	27	59	1364	NA	NA	NA	6	6	0.434915	5.810
10	119676768	C	T	SNV	0	CodingTranscript	NON_SYNONYMOUS	7	missense	0.589	0.013	NA	NA	NA	NA	A	V	ENSG00000151929	ENST00000369085	BAG3	CCDS7615.1	NA	4/4	1520	0.591	1214	0.703	405	0.704	lcompl	NA	NA	20158	61	tolerated	0.21	benign	0.001	0.485	0.004	0.001	0.418	0.951	0.509	912	NA	NA	NA	NA	0	0	0	1	0	0	12	21	4	3	3	0	0	2	2	0	0	0	0	0	0	0	0	0	0	3232.29	2.06098e-276	6.54	4.73	NA	NA	16.95	3.20	7.58	1.11	8.06	1.78	12.08	2.31	6.81	1.62	13.62	4.02	4.28	0.83	52.87	10.91	30.78	6.37	16.63	3.35	6.55	1.76	0.47	0.12	4.38	0.87	64	0	0	0	0	0	0	-0.01	0	0	7	1	0	13	4	4	151	27	59	1364	NA	NA	NA	6	6	1.069530	12.46
10	119676771	C	T	SNV	0	CodingTranscript	NON_SYNONYMOUS	7	missense	0.589	0.013	NA	NA	NA	NA	T	I	ENSG00000151929	ENST00000369085	BAG3	CCDS7615.1	NA	4/4	1523	0.592	1217	0.704	406	0.706	lcompl	NA	NA	20161	64	deleterious	0.04	benign	0	0.418	0	0	0.418	0.498	0.118	912	NA	NA	NA	NA	0	0	0	1	0	0	12	21	4	3	3	0	0	2	2	0	0	0	0	0	0	0	0	0	0	3232.29	2.06098e-276	6.54	3.78	NA	NA	16.55	3.20	7.52	1.11	7.70	1.78	11.79	2.31	7.09	1.62	13.78	4.02	4.49	1.25	52.69	10.71	30.83	6.64	16.65	3.35	6.30	1.76	0.47	0.12	4.53	0.88	89	0	0	0	0	0	0	-0.013	0	0	7	1	0	13	4	4	151	27	59	1364	NA	NA	NA	6	6	1.322235	14.55
10	119676773	C	T	SNV	0	CodingTranscript	NON_SYNONYMOUS	7	missense	0.596	0.013	NA	NA	NA	NA	P	S	ENSG00000151929	ENST00000369085	BAG3	CCDS7615.1	NA	4/4	1525	0.593	1219	0.705	407	0.708	lcompl	NA	NA	20163	66	deleterious	0.04	benign	0.003	0.402	0	0	0.418	-0.665	-1.197	912	NA	NA	NA	NA	0	0	0	1	0	0	12	21	4	3	3	0	0	2	2	0	0	0	0	0	0	0	0	0	0	3232.29	2.06098e-276	6.54	-2.31	NA	NA	16.71	3.20	7.52	1.11	7.63	1.78	11.87	2.31	7.09	1.62	13.75	4.02	4.42	1.25	52.13	10.71	30.04	6.64	16.65	3.35	6.64	1.76	0.47	0.12	4.50	0.88	74	0	0	0	0	0	0	0.006	0	0	7	1	0	12	4	4	150	27	59	1365	NA	NA	NA	6	6	0.688282	8.347
10	119676774	C	T	SNV	0	CodingTranscript	NON_SYNONYMOUS	7	missense	0.589	0.013	NA	NA	NA	NA	P	L	ENSG00000151929	ENST00000369085	BAG3	CCDS7615.1	NA	4/4	1526	0.594	1220	0.706	407	0.708	lcompl	NA	NA	20164	67	tolerated	0.06	benign	0.1	0.386	0.002	0.22	0.418	1.618	4.194	912	NA	NA	NA	NA	0	0	0	1	0	0	12	21	4	3	3	0	0	2	2	0	0	0	0	0	0	0	0	0	0	3232.29	2.06098e-276	6.54	5.64	NA	NA	16.60	3.20	7.21	1.11	7.61	1.78	11.68	2.31	7.07	1.62	13.63	4.02	4.41	1.25	51.32	10.71	29.76	6.45	16.65	3.35	6.39	1.76	0.47	0.12	4.54	0.88	98	0	0	0	0	0	0	-0.001	0	0	23	1	0	12	4	4	150	27	59	1365	NA	NA	NA	6	6	1.542101	16.01
10	119676779	A	C	SNV	0	CodingTranscript	NON_SYNONYMOUS	7	missense	0.589	0.013	NA	NA	NA	NA	K	Q	ENSG00000151929	ENST00000369085	BAG3	CCDS7615.1	NA	4/4	1531	0.595	1225	0.709	409	0.711	lcompl	NA	NA	20169	72	deleterious	0.02	benign	0.214	0.504	0.539	0.999	0.475	3.37	4.486	912	NA	NA	NA	NA	0	0	0	1	0	0	12	21	4	3	3	0	0	2	2	0	0	0	0	0	0	0	0	0	0	3232.29	2.06098e-276	6.54	6.54	NA	NA	15.87	3.20	7.09	1.11	7.43	1.78	11.25	2.31	6.53	1.35	13.29	4.02	4.73	1.25	50.44	9.95	29.78	6.14	17.72	3.35	6.39	1.76	0.47	0.12	4.76	0.90	53	0	0	0	0	0	0	0.007	0	0	16	1	0	11	4	4	152	27	59	1366	NA	NA	NA	6	6	2.681875	22.8
10	119676785	G	A	SNV	0	CodingTranscript	NON_SYNONYMOUS	7	missense	0.596	0.013	NA	NA	NA	NA	G	R	ENSG00000151929	ENST00000369085	BAG3	CCDS7615.1	NA	4/4	1537	0.598	1231	0.712	411	0.715	lcompl	NA	NA	20175	78	tolerated	0.38	benign	0.051	0.41	0.804	0.47	0.595	4.307	2.067	912	NA	NA	NA	NA	0	0	0	1	0	0	12	21	4	3	3	0	0	2	2	0	0	0	0	0	0	0	0	0	0	3232.29	2.06098e-276	6.24	6.24	NA	NA	14.41	2.62	6.13	1.11	7.15	1.78	11.35	2.31	6.84	1.35	13.13	4.02	4.73	1.25	47.33	9.18	31.39	6.43	17.66	3.35	6.48	1.76	0.47	0.12	4.80	0.89	125	0	0	0	0	0	0	-0.008	0	0	16	1	0	11	4	4	154	27	59	1366	NA	NA	NA	6	6	1.809151	17.80
10	119676785	GGAG	G	DEL	3	CodingTranscript	INFRAME	6	inframe_deletion	0.601	0.013	NA	NA	NA	NA	GE	E	ENSG00000151929	ENST00000369085	BAG3	CCDS7615.1	NA	4/4	1538	0.598	1232	0.713	411	0.715	lcompl	NA	NA	20176	79	NA	NA	NA	NA	0.356	0.833	1	0.595	4.494	6.418	912	NA	NA	NA	NA	0	0	0	1	0	0	12	21	4	3	3	0	0	2	2	0	0	0	0	0	0	0	0	0	0	3232.29	2.06098e-276	6.54	6.54	NA	NA	14.17	2.62	6.34	1.11	7.03	1.78	11.58	2.31	7.18	1.62	13.13	4.02	4.73	1.25	47.87	9.18	31.25	6.43	17.26	3.27	6.73	1.76	0.45	0.12	4.77	0.93	NA	0	0	0	0	0	0	-0.012	0	0	16	1	0	12	4	4	154	27	59	1369	NA	NA	NA	6	6	1.518067	15.85
10	119676794	G	A	SNV	0	CodingTranscript	NON_SYNONYMOUS	7	missense	0.596	0.013	NA	NA	NA	NA	E	K	ENSG00000151929	ENST00000369085	BAG3	CCDS7615.1	NA	4/4	1546	0.601	1240	0.718	414	0.72	lcompl	NA	NA	20184	87	deleterious	0.02	benign	0.037	0.261	0.389	0.744	0.595	4.494	4.348	912	NA	NA	NA	NA	0	0	0	1	0	0	12	21	4	3	3	0	0	2	2	0	0	0	0	0	0	0	0	0	0	3232.29	2.06098e-276	6.54	6.54	NA	NA	13.42	2.48	6.66	1.65	6.63	1.78	11.85	2.31	7.99	1.62	13.12	4.02	5.13	1.67	49.79	9.12	28.83	5.57	17.91	3.56	5.87	1.54	0.45	0.12	4.95	0.93	56	0	0	0	0	0	0	-0.008	0	0	11	1	0	14	4	4	154	27	59	1369	NA	NA	NA	6	6	2.523351	22.5
10	119676794	G	T	SNV	0	CodingTranscript	STOP_GAINED	8	stop_gained	0.596	0.013	NA	NA	NA	NA	E	*	ENSG00000151929	ENST00000369085	BAG3	CCDS7615.1	NA	4/4	1546	0.601	1240	0.718	414	0.72	lcompl	NA	NA	20184	87	NA	NA	NA	NA	0.261	0.389	0.744	0.595	4.494	4.348	912	NA	NA	NA	NA	0	0	0	1	0	0	12	21	4	3	3	0	0	2	2	0	0	0	0	0	0	0	0	0	0	3232.29	2.06098e-276	6.54	6.54	NA	NA	13.42	2.48	6.66	1.65	6.63	1.78	11.85	2.31	7.99	1.62	13.12	4.02	5.13	1.67	49.79	9.12	28.83	5.57	17.91	3.56	5.87	1.54	0.45	0.12	4.95	0.93	NA	0	0	0	0	0	0	-0.022	0	0	11	1	0	14	4	4	154	27	59	1369	NA	NA	NA	6	6	7.328195	37
10	119676795	A	G	SNV	0	CodingTranscript	NON_SYNONYMOUS	7	missense	0.596	0.013	NA	NA	NA	NA	E	G	ENSG00000151929	ENST00000369085	BAG3	CCDS7615.1	NA	4/4	1547	0.602	1241	0.718	414	0.72	lcompl	NA	NA	20185	88	tolerated	0.18	benign	0.003	0.295	0.18	0.094	0.475	0.371	0.159	912	NA	NA	NA	NA	0	0	0	1	0	0	12	21	4	3	3	0	0	2	2	0	0	0	0	0	0	0	0	0	0	3232.29	2.06098e-276	6.54	1.72	NA	NA	13.69	2.48	6.66	1.65	6.63	1.78	11.85	2.31	6.91	1.25	13.39	4.02	5.13	1.67	49.79	9.12	28.99	5.73	18.20	3.56	5.92	1.54	0.45	0.12	4.92	0.93	98	0	0	0	0	0	0	-0.016	0	0	10	1	0	15	4	4	154	27	59	1369	NA	NA	NA	6	6	1.092460	12.70
10	119676796	G	C	SNV	0	CodingTranscript	NON_SYNONYMOUS	7	missense	0.589	0.013	NA	NA	NA	NA	E	D	ENSG00000151929	ENST00000369085	BAG3	CCDS7615.1	NA	4/4	1548	0.602	1242	0.719	414	0.72	lcompl	NA	NA	20186	89	tolerated	0.14	benign	0	0.319	0.076	0.09	0.595	-0.041	0.199	912	NA	NA	NA	NA	0	0	0	1	0	0	12	21	4	3	3	0	0	2	2	0	0	0	0	0	0	0	0	0	0	3232.29	2.06098e-276	6.54	-1.67	NA	NA	13.38	2.48	6.55	1.65	6.63	1.78	11.85	2.31	6.91	1.25	13.08	3.51	5.13	1.67	49.50	9.12	29.58	5.90	18.20	3.56	5.96	1.54	0.45	0.12	4.91	0.93	0	0	0	0	0	0	0	0.008	0	0	10	1	0	16	4	4	154	27	59	1368	NA	NA	NA	6	6	0.362650	5.008
10	119676797	G	T	SNV	0	CodingTranscript	NON_SYNONYMOUS	7	missense	0.596	0.013	NA	NA	NA	NA	A	S	ENSG00000151929	ENST00000369085	BAG3	CCDS7615.1	NA	4/4	1549	0.602	1243	0.719	415	0.722	lcompl	NA	NA	20187	90	tolerated	0.38	benign	0.039	0.333	0.083	0.739	0.595	1.471	4.249	912	NA	NA	NA	NA	0	0	0	1	0	0	12	21	4	3	3	0	0	2	2	0	0	0	0	0	0	0	0	0	0	3232.29	2.06098e-276	6.54	3.73	NA	NA	13.62	2.48	6.53	1.65	6.63	1.78	11.85	2.31	6.91	1.25	12.74	3.51	4.96	1.67	48.21	7.16	29.86	5.90	18.20	3.56	5.84	1.54	0.45	0.12	4.09	0.92	99	0	0	0	0	0	0	-0.002	0	0	10	1	0	16	4	4	154	27	59	1368	NA	NA	NA	6	6	1.049424	12.23
10	119676798	C	A	SNV	0	CodingTranscript	NON_SYNONYMOUS	7	missense	0.589	0.013	NA	NA	NA	NA	A	D	ENSG00000151929	ENST00000369085	BAG3	CCDS7615.1	NA	4/4	1550	0.603	1244	0.72	415	0.722	lcompl	NA	NA	20188	91	tolerated	0.3	benign	0.003	0.357	0.018	0.007	0.418	0.526	0.256	912	NA	NA	NA	NA	0	0	0	1	0	0	12	21	4	3	3	0	0	2	2	0	0	0	0	0	0	0	0	0	0	3232.29	2.06098e-276	6.54	3.74	NA	NA	13.62	2.48	6.90	1.65	6.63	1.78	11.58	2.31	6.91	1.25	13.02	3.51	4.96	1.67	48.21	7.16	29.54	5.85	18.20	3.56	5.91	1.54	0.45	0.12	4.03	0.90	126	0	0	0	0	0	0	0.014	0	0	10	1	0	16	4	4	153	27	59	1369	NA	NA	NA	6	6	0.826237	9.656
10	119676803	C	T	SNV	0	CodingTranscript	NON_SYNONYMOUS	7	missense	0.583	0.013	NA	NA	NA	NA	P	S	ENSG00000151929	ENST00000369085	BAG3	CCDS7615.1	NA	4/4	1555	0.605	1249	0.723	417	0.725	lcompl	NA	NA	20193	96	deleterious	0.05	benign	0.094	0.841	0.008	0.061	0.418	0.926	2.053	912	NA	NA	NA	NA	0	0	0	0	0	1	11	21	5	3	2	0	0	2	3	0	0	0	0	0	0	0	0	0	0	3232.29	2.06098e-276	6.54	4.7	NA	NA	12.94	2.57	6.66	1.65	6.58	1.78	12.16	2.31	7.01	1.67	12.27	3.51	5.13	1.67	46.80	7.16	27.23	5.85	17.89	3.85	5.48	1.54	0.45	0.12	4.01	0.87	74	0	0	0	0	0	0	0.007	0	0	10	2	0	18	4	4	154	28	59	1370	NA	NA	NA	6	6	1.781908	17.60
10	119676804	C	A	SNV	0	CodingTranscript	NON_SYNONYMOUS	7	missense	0.583	0.013	NA	NA	NA	NA	P	Q	ENSG00000151929	ENST00000369085	BAG3	CCDS7615.1	NA	4/4	1556	0.605	1250	0.723	417	0.725	lcompl	NA	NA	20194	97	tolerated	0.5	benign	0.013	0.867	0.007	0.057	0.418	0.918	1.626	912	NA	NA	NA	NA	0	0	0	0	0	1	11	21	5	3	2	0	0	2	3	0	0	0	0	0	0	0	0	0	0	3232.29	2.06098e-276	6.54	4.72	NA	NA	12.61	2.57	6.66	1.65	6.50	1.78	12.16	2.31	6.60	1.67	12.12	3.51	5.23	1.67	47.52	7.16	26.92	5.85	17.89	3.85	5.17	1.54	0.45	0.12	3.99	0.84	76	0	0	0	0	0	0	0.003	0	0	15	2	0	19	4	4	154	28	59	1369	NA	NA	NA	6	6	1.098672	12.76
10	119676809	C	T	SNV	0	CodingTranscript	NON_SYNONYMOUS	7	missense	0.583	0.013	NA	NA	NA	NA	H	Y	ENSG00000151929	ENST00000369085	BAG3	CCDS7615.1	NA	4/4	1561	0.607	1255	0.726	419	0.729	ndomain	NA	NA	20199	102	deleterious	0	probably_damaging	0.992	0.976	0.989	1	0.418	2.907	7.122	912	NA	NA	NA	NA	0	0	0	0	0	1	11	21	5	3	2	0	0	2	3	0	0	0	0	0	0	0	0	0	0	3232.29	2.06098e-276	6.54	6.54	NA	NA	11.87	2.62	6.69	1.65	6.40	1.78	11.13	2.31	6.50	1.67	11.30	3.01	5.22	1.67	48.16	7.16	27.67	6.06	18.58	3.85	4.51	1.54	0.49	0.12	3.92	0.82	83	0	0	0	0	0	0	-0.008	0	0	9	2	0	20	4	4	155	28	59	1369	NA	NA	NA	6	6	3.635854	25.2
10	119676810	AT	A	DEL	1	CodingTranscript	FRAME_SHIFT	7	frameshift	0.589	0.013	NA	NA	NA	NA	H	X	ENSG00000151929	ENST00000369085	BAG3	CCDS7615.1	NA	4/4	1563	0.608	1257	0.727	419	0.729	ndomain	NA	NA	20201	104	NA	NA	NA	NA	0.984	0.988	0.999	0.469	-0.15	0.745	912	NA	NA	NA	NA	0	0	0	0	0	1	11	21	5	3	2	0	0	2	3	0	0	0	0	0	0	0	0	0	0	3232.29	2.06098e-276	6.54	-0.985	NA	NA	11.69	2.48	6.70	1.65	5.42	1.35	11.13	2.31	6.42	1.67	10.55	3.01	5.29	1.67	46.59	7.16	25.53	5.31	18.34	4.09	4.51	1.54	0.49	0.12	3.96	0.82	NA	0	0	0	0	0	0	0.004	0	0	4	2	0	20	4	4	155	28	59	1369	NA	NA	NA	6	6	3.440569	24.5
10	119676811	T	TT	INS	1	CodingTranscript	FRAME_SHIFT	7	frameshift	0.587	0.013	NA	NA	NA	NA	-	X	ENSG00000151929	ENST00000369085	BAG3	CCDS7615.1	NA	4/4	1563	0.608	1257	0.727	419	0.729	ndomain	NA	NA	20201	104	NA	NA	NA	NA	0.987	0.999	1	0.469	2.907	7.122	912	NA	NA	NA	NA	0	0	0	0	0	1	11	21	5	3	2	0	0	2	3	0	0	0	0	0	0	0	0	0	0	3232.29	2.06098e-276	6.54	6.54	NA	NA	11.78	2.48	6.81	1.65	5.42	1.35	11.13	2.31	6.42	1.67	10.55	3.01	5.29	1.67	46.88	7.16	26.24	5.31	18.34	4.09	4.51	1.54	0.49	0.12	4.01	0.82	NA	0.01	0	0	0	0	0	-0.004	0	0	4	2	0	20	4	4	155	28	59	1369	NA	NA	NA	6	6	4.689865	32
10	119676813	C	A	SNV	0	CodingTranscript	NON_SYNONYMOUS	7	missense	0.583	0.013	NA	NA	NA	NA	P	Q	ENSG00000151929	ENST00000369085	BAG3	CCDS7615.1	NA	4/4	1565	0.609	1259	0.729	420	0.73	ndomain	NA	NA	20203	106	deleterious	0	probably_damaging	0.998	0.988	0.999	1	0.418	2.907	7.122	912	NA	NA	NA	NA	0	0	0	0	0	1	11	21	5	3	2	0	0	2	3	0	0	0	0	0	0	0	0	0	0	3232.29	2.06098e-276	6.54	6.54	NA	NA	11.78	2.48	6.79	1.65	5.04	1.35	10.05	2.31	6.42	1.67	10.28	3.01	6.28	1.67	46.88	7.16	27.08	5.31	17.18	4.09	4.73	1.54	0.49	0.12	4.09	0.82	76	0	0	0	0	0	0	0.006	0	0	9	2	0	20	4	4	154	28	59	1369	NA	NA	NA	6	6	3.764573	25.7
10	119676813	C	T	SNV	0	CodingTranscript	NON_SYNONYMOUS	7	missense	0.583	0.013	NA	NA	NA	NA	P	L	ENSG00000151929	ENST00000369085	BAG3	CCDS7615.1	NA	4/4	1565	0.609	1259	0.729	420	0.73	ndomain	NA	NA	20203	106	deleterious	0	probably_damaging	0.999	0.988	0.999	1	0.418	2.907	7.122	912	NA	NA	NA	NA	0	0	0	0	0	1	11	21	5	3	2	0	0	2	3	0	0	0	0	0	0	0	0	0	0	3232.29	2.06098e-276	6.54	6.54	NA	NA	11.78	2.48	6.79	1.65	5.04	1.35	10.05	2.31	6.42	1.67	10.28	3.01	6.28	1.67	46.88	7.16	27.08	5.31	17.18	4.09	4.73	1.54	0.49	0.12	4.09	0.82	98	0	0	0	0	0	0	-0.013	0	0	9	2	0	20	4	4	154	28	59	1369	NA	NA	NA	6	6	3.912447	26.4
10	119676816	G	A	SNV	0	CodingTranscript	NON_SYNONYMOUS	7	missense	0.57	0.013	NA	NA	NA	NA	G	E	ENSG00000151929	ENST00000369085	BAG3	CCDS7615.1	NA	4/4	1568	0.61	1262	0.73	421	0.732	ndomain	NA	NA	20206	109	deleterious	0.01	possibly_damaging	0.808	0.99	0.998	1	0.595	4.494	10.684	912	NA	NA	NA	NA	0	0	0	0	0	1	11	21	5	3	2	0	0	2	3	0	0	0	0	0	0	0	0	0	0	3232.29	2.06098e-276	6.54	6.54	NA	NA	12.03	2.67	7.02	1.65	5.35	1.35	9.91	2.31	6.38	1.67	10.43	3.01	6.72	1.67	46.59	7.16	26.85	5.49	16.49	4.09	3.85	1.54	0.49	0.12	4.12	0.81	98	0	0	0	0	0	0	-0.002	0	0	5	2	0	20	4	5	154	28	59	1368	NA	NA	NA	6	6	3.984449	26.9
10	119676818	G	A	SNV	0	CodingTranscript	NON_SYNONYMOUS	7	missense	0.57	0.013	NA	NA	NA	NA	V	M	ENSG00000151929	ENST00000369085	BAG3	CCDS7615.1	NA	4/4	1570	0.611	1264	0.731	422	0.734	ndomain	NA	NA	20208	111	deleterious	0	possibly_damaging	0.734	0.992	0.998	0.999	0.595	4.494	3.952	912	NA	NA	NA	NA	0	0	0	0	0	1	11	21	5	3	2	0	0	2	3	0	0	0	0	0	0	0	0	0	0	3232.29	2.06098e-276	6.54	6.54	NA	NA	11.93	2.53	7.02	1.65	5.35	1.35	9.96	2.31	6.35	1.67	10.33	3.01	7.06	1.67	46.28	7.16	27.92	5.49	16.31	4.09	3.69	1.54	0.49	0.12	4.16	0.82	21	0	0	0	0	0	0	0.001	0	0	7	2	0	20	4	5	154	28	59	1369	NA	NA	NA	6	6	3.677863	25.3
10	119676818	G	C	SNV	0	CodingTranscript	NON_SYNONYMOUS	7	missense	0.57	0.013	NA	NA	NA	NA	V	L	ENSG00000151929	ENST00000369085	BAG3	CCDS7615.1	NA	4/4	1570	0.611	1264	0.731	422	0.734	ndomain	NA	NA	20208	111	tolerated	0.44	benign	0.059	0.992	0.998	0.999	0.595	4.494	3.952	912	NA	NA	NA	NA	0	0	0	0	0	1	11	21	5	3	2	0	0	2	3	0	0	0	0	0	0	0	0	0	0	3232.29	2.06098e-276	6.54	6.54	NA	NA	11.93	2.53	7.02	1.65	5.35	1.35	9.96	2.31	6.35	1.67	10.33	3.01	7.06	1.67	46.28	7.16	27.92	5.49	16.31	4.09	3.69	1.54	0.49	0.12	4.16	0.82	32	0	0	0	0	0	0	0.001	0	0	7	2	0	20	4	5	154	28	59	1369	NA	NA	NA	6	6	2.153682	20.5
10	119676820	GCTGAAAGTGG	G	DEL	10	CodingTranscript	FRAME_SHIFT	7	frameshift	0.544	0.013	NA	NA	NA	NA	LKVE	X	ENSG00000151929	ENST00000369085	BAG3	CCDS7615.1	NA	4/4	1573	0.612	1267	0.733	423	0.736	ncoils	NA	NA	20211	114	NA	NA	NA	NA	0.998	1	1	0.595	4.494	10.684	912	NA	NA	NA	NA	0	0	0	0	0	1	11	21	5	3	2	0	0	2	3	0	0	0	0	0	0	0	0	0	0	3232.29	2.06098e-276	6.54	6.54	NA	NA	11.91	2.76	6.51	1.42	6.23	1.5	9.58	2.31	6.35	1.67	9	2.62	6.83	1.67	46.72	7.16	28.32	6.06	16.79	4.09	3.89	1.54	0.53	0.16	4.69	0.96	NA	NA	NA	NA	NA	NA	NA	NA	NA	NA	15	2	0	23	4	5	155	28	59	1368	NA	NA	NA	6	6	5.066140	33
10	119676828	T	A	SNV	0	CodingTranscript	NON_SYNONYMOUS	7	missense	0.536	0.013	NA	NA	NA	NA	V	E	ENSG00000151929	ENST00000369085	BAG3	CCDS7615.1	NA	4/4	1580	0.615	1274	0.737	425	0.739	ncoils	NA	NA	20218	121	deleterious	0	probably_damaging	1	0.998	0.999	1	0.469	3.352	8.39	912	NA	NA	NA	NA	0	0	0	0	0	1	11	21	5	3	2	0	0	2	3	0	0	0	0	0	0	0	0	0	0	3232.29	2.06098e-276	6.54	6.54	NA	NA	11.59	2.45	6.28	1.42	6.09	1.50	8.68	2.31	5.64	1.67	8.59	2.18	6.81	1.67	44.66	6.47	26.56	4.76	16.79	4.09	3.67	1.54	0.53	0.16	4.69	0.96	121	0	0	0	0	0	0	0.007	0	0	9	1	0	23	4	5	154	28	59	1367	NA	NA	NA	6	6	4.193032	28.6
10	119676829	GG	G	DEL	1	CodingTranscript	FRAME_SHIFT	7	frameshift	0.536	0.013	NA	NA	NA	NA	E	X	ENSG00000151929	ENST00000369085	BAG3	CCDS7615.1	NA	4/4	1582	0.615	1276	0.738	426	0.741	ncoils	NA	NA	20220	123	NA	NA	NA	NA	0.998	1	1	0.595	4.494	7.668	912	NA	NA	NA	NA	0	0	0	0	0	1	11	21	5	3	2	0	0	2	3	0	0	0	0	0	0	0	0	0	0	3232.29	2.06098e-276	6.54	6.54	NA	NA	11.66	2.76	6.21	1.42	6.15	1.50	8.28	2.31	5.65	1.67	8.94	2.62	5.96	1.40	45.41	6.47	26.71	4.48	16.72	4.09	3.89	1.54	0.53	0.16	4.69	0.85	NA	0	0	0	0	0	0	-0.005	0	0	6	1	0	23	4	5	154	28	59	1368	NA	NA	NA	6	6	4.890268	33
10	119676840	T	C	SNV	0	CodingTranscript	NON_SYNONYMOUS	7	missense	0.51	0.013	NA	NA	NA	NA	L	P	ENSG00000151929	ENST00000369085	BAG3	CCDS7615.1	NA	4/4	1592	0.619	1286	0.744	429	0.746	ncoils	NA	NA	20230	133	deleterious	0	probably_damaging	0.997	0.998	1	1	0.469	3.352	8.39	912	NA	NA	NA	NA	0	0	0	0	0	1	11	21	5	3	2	0	0	2	3	0	0	0	0	0	0	0	0	0	0	3232.29	2.06098e-276	6.54	6.54	NA	NA	11.12	2.42	6.27	1.42	5.37	1.35	7.84	1.93	5.63	1.67	9.80	3.01	7.21	2.11	43.93	6.47	24.11	4.23	17.65	4.09	3.71	1.54	0.53	0.16	4.94	0.95	98	0	0	0	0	0	0	-0.004	0	0	4	1	0	23	4	5	153	28	60	1368	NA	NA	NA	6	6	4.240131	29.0
10	119676842	G	A	SNV	0	CodingTranscript	NON_SYNONYMOUS	7	missense	0.523	0.027	NA	NA	NA	NA	E	K	ENSG00000151929	ENST00000369085	BAG3	CCDS7615.1	NA	4/4	1594	0.62	1288	0.745	430	0.748	ncoils	NA	NA	20232	135	tolerated	0.09	benign	0.083	0.998	1	1	0.595	1.421	4.031	912	NA	NA	NA	NA	0	0	0	0	0	1	11	21	5	3	2	0	0	2	3	0	0	0	0	0	0	0	0	0	0	3232.29	2.06098e-276	6.54	3.77	NA	NA	11.11	2.42	6.27	1.42	5.40	1.35	7.71	1.93	4.76	1.67	9.99	3.01	7.61	2.51	43.65	6.47	24.81	4.23	17.65	4.09	3.20	1.03	0.53	0.16	4.85	0.88	56	0	0	0	0	0	0	0.004	0	0	6	1	0	22	4	5	152	28	61	1368	NA	NA	NA	6	6	2.357504	21.9
10	119676843	A	T	SNV	0	CodingTranscript	NON_SYNONYMOUS	7	missense	0.517	0.027	NA	NA	NA	NA	E	V	ENSG00000151929	ENST00000369085	BAG3	CCDS7615.1	NA	4/4	1595	0.62	1289	0.746	430	0.748	ncoils	NA	NA	20233	136	deleterious	0	possibly_damaging	0.682	0.998	1	1	0.475	3.37	5.33	912	NA	NA	NA	NA	0	0	0	0	0	1	11	21	5	3	2	0	0	2	3	0	0	0	0	0	0	0	0	0	0	3232.29	2.06098e-276	6.54	6.54	NA	NA	11.24	2.42	6.27	1.42	5.40	1.35	7.77	1.93	4.76	1.67	10.13	3.01	7.61	2.51	41.84	6.47	24.18	3.99	17.65	4.09	3.47	1.03	0.53	0.16	4.87	0.88	121	0	0	0	0	0	0	-0.012	0	0	2	1	0	22	4	5	153	28	61	1368	NA	NA	NA	6	6	3.958538	26.7
10	119676845	A	G	SNV	0	CodingTranscript	NON_SYNONYMOUS	7	missense	0.517	0.027	NA	NA	NA	NA	K	E	ENSG00000151929	ENST00000369085	BAG3	CCDS7615.1	NA	4/4	1597	0.621	1291	0.747	431	0.75	ncoils	NA	NA	20235	138	tolerated	0.21	benign	0.143	0.997	1	1	0.475	3.37	3.877	912	NA	NA	NA	NA	0	0	0	0	0	1	11	21	5	3	2	0	0	2	3	0	0	0	0	0	0	0	0	0	0	3232.29	2.06098e-276	6.54	6.54	NA	NA	11.29	2.42	5.53	1.42	5.71	1.35	7.77	1.93	5.09	1.67	10.20	3.51	8.02	2.51	43.07	8.08	25.12	4.19	17.34	4.09	3.68	1.03	0.53	0.16	4.82	0.89	56	0	0	0	0	0	0	-0	0	0	4	1	0	21	4	5	154	28	61	1368	NA	NA	NA	6	6	2.617401	22.7
10	119676846	A	AA	INS	1	CodingTranscript	FRAME_SHIFT	7	frameshift	0.513	0.027	NA	NA	NA	NA	K	KX	ENSG00000151929	ENST00000369085	BAG3	CCDS7615.1	NA	4/4	1598	0.622	1292	0.748	431	0.75	ncoils	NA	NA	20236	139	NA	NA	NA	NA	0.996	1	1	0.595	2.004	3.626	912	NA	NA	NA	NA	0	0	0	0	0	1	11	21	5	3	2	0	0	2	3	0	0	0	0	0	0	0	0	0	0	3232.29	2.06098e-276	6.54	5.42	NA	NA	11.38	2.44	5.53	1.42	5.71	1.35	7.77	1.93	5.18	1.67	10.53	3.51	8.86	2.51	43.78	8.08	25.4	4.34	16.91	4.09	3.71	1.03	0.51	0.18	4.85	0.89	NA	0	0	0	0	0	0	-0.008	0	0	3	1	0	20	4	5	154	28	61	1368	NA	NA	NA	6	6	4.406475	31
10	119676847	G	C	SNV	0	CodingTranscript	NON_SYNONYMOUS	7	missense	0.517	0.027	NA	NA	NA	NA	K	N	ENSG00000151929	ENST00000369085	BAG3	CCDS7615.1	NA	4/4	1599	0.622	1293	0.748	431	0.75	ncoils	NA	NA	20237	140	tolerated	0.21	benign	0.228	0.996	1	0.987	0.595	1.423	0.379	912	NA	NA	NA	NA	0	0	0	0	0	1	11	21	5	3	2	0	0	2	3	0	0	0	0	0	0	0	0	0	0	3232.29	2.06098e-276	6.54	3.77	NA	NA	11.38	2.44	5.53	1.42	5.71	1.35	7.77	1.93	5.18	1.67	10.29	3.51	8.86	2.51	43.78	8.08	25.40	4.34	16.91	4.09	3.71	1.03	0.51	0.18	4.85	0.89	94	0	0	0	0	0	0	0.011	0	0	3	1	0	20	4	5	154	28	61	1367	NA	NA	NA	6	6	2.040389	19.56
10	119676850	AC	GT	SNV	1	CodingTranscript	STOP_GAINED	8	stop_gained	0.5	0.026	NA	NA	NA	NA	VQ	V*	ENSG00000151929	ENST00000369085	BAG3	CCDS7615.1	NA	4/4	1602	0.623	1296	0.75	432	0.751	ncoils	NA	NA	20240	143	NA	NA	NA	NA	0.99	0.896	0.955	0.595	1.601	2.474	912	NA	NA	NA	NA	0	0	0	0	0	1	11	21	5	3	2	0	0	2	3	0	0	0	0	0	0	0	0	0	0	3232.29	2.06098e-276	6.54	5.64	NA	NA	11.13	2.53	5.22	1.42	5.75	1.35	8.58	1.93	5	1.67	10.13	3.51	8.87	2.51	42.89	8.08	25.24	4.34	17.38	4.09	3.84	1.03	0.51	0.18	4.77	0.89	NA	NA	NA	NA	NA	NA	NA	NA	NA	NA	4	1	0	20	4	5	152	28	61	1369	NA	NA	NA	5	5	7.218516	37
10	119676850	ACA	GCG	SNV	2	CodingTranscript	NON_SYNONYMOUS	7	missense	0.497	0.026	NA	NA	NA	NA	VQ	VR	ENSG00000151929	ENST00000369085	BAG3	CCDS7615.1	NA	4/4	1602	0.623	1296	0.75	432	0.751	ncoils	NA	NA	20240	143	NA	NA	NA	NA	0.99	0.896	0.966	0.595	3.37	4.108	912	NA	NA	NA	NA	0	0	0	0	0	1	11	21	5	3	2	0	0	2	3	0	0	0	0	0	0	0	0	0	0	3232.29	2.06098e-276	6.54	6.54	NA	NA	11.13	2.53	5.22	1.42	5.75	1.35	8.99	1.93	5	1.67	10.13	3.51	9.29	2.51	44.03	8.08	25.24	4.34	17.57	4.09	3.84	1.03	0.51	0.18	4.77	0.89	NA	NA	NA	NA	NA	NA	NA	NA	NA	NA	5	1	0	20	4	5	152	28	61	1369	NA	NA	NA	5	5	2.309362	21.6
10	119676851	C	T	SNV	0	CodingTranscript	STOP_GAINED	8	stop_gained	0.503	0.027	NA	NA	NA	NA	Q	*	ENSG00000151929	ENST00000369085	BAG3	CCDS7615.1	NA	4/4	1603	0.623	1297	0.751	433	0.753	ncoils	NA	NA	20241	144	NA	NA	NA	NA	0.99	0.896	0.955	0.418	1.601	2.474	912	NA	NA	NA	NA	0	0	0	0	0	1	11	21	5	3	2	0	0	2	3	0	0	0	0	0	0	0	0	0	0	3232.29	2.06098e-276	6.54	5.64	NA	NA	11.13	2.53	5.22	1.42	5.75	1.35	8.58	1.93	4.67	1.67	10.13	3.51	8.87	2.51	42.86	8.08	24.91	4.34	16.83	4.09	3.84	1.03	0.51	0.18	4.72	0.89	NA	0	0	0	0	0	0	-0.012	0	0	2	1	0	20	4	5	152	28	61	1369	NA	NA	NA	5	5	7.709620	39
10	119676852	A	G	SNV	0	CodingTranscript	NON_SYNONYMOUS	7	missense	0.497	0.027	NA	NA	NA	NA	Q	R	ENSG00000151929	ENST00000369085	BAG3	CCDS7615.1	NA	4/4	1604	0.624	1298	0.751	433	0.753	ncoils	NA	NA	20242	145	tolerated	0.08	benign	0.169	0.99	0.894	0.966	0.475	3.37	4.108	912	NA	NA	NA	NA	0	0	0	0	0	1	11	21	5	3	2	0	0	2	3	0	0	0	0	0	0	0	0	0	0	3232.29	2.06098e-276	6.54	6.54	NA	NA	11.13	2.53	5.22	1.42	5.75	1.35	8.99	1.93	4.67	1.67	10.13	3.51	9.29	2.51	44.03	8.08	24.75	4.34	17.57	4.09	3.82	1.03	0.51	0.18	4.73	0.89	43	0	0	0	0	0	0	-0.003	0	0	3	1	0	20	4	5	152	28	61	1368	NA	NA	NA	5	5	2.481891	22.4
10	119676860	G	T	SNV	0	CodingTranscript	STOP_GAINED	8	stop_gained	0.503	0.027	NA	NA	NA	NA	E	*	ENSG00000151929	ENST00000369085	BAG3	CCDS7615.1	NA	4/4	1612	0.627	1306	0.756	436	0.758	ncoils	NA	NA	20250	153	NA	NA	NA	NA	0.994	1	1	0.595	4.494	10.684	912	NA	NA	NA	NA	0	0	0	0	0	1	11	21	5	3	2	0	0	2	3	0	0	0	0	0	0	0	0	0	0	3232.29	2.06098e-276	6.54	6.54	NA	NA	12.90	2.62	4.87	1.42	6.32	1.35	8.58	1.93	4.75	1.67	10.21	3.51	9.34	2.51	43.60	8.08	24.17	4.23	17.57	4.90	4.33	1.54	0.51	0.18	4.65	0.91	NA	0	0	0	0	0	0	-0.016	0	0	10	1	0	20	4	5	152	28	61	1368	NA	NA	NA	4	4	8.838104	45
10	119676861	A	G	SNV	0	CodingTranscript	NON_SYNONYMOUS	7	missense	0.497	0.027	NA	NA	NA	NA	E	G	ENSG00000151929	ENST00000369085	BAG3	CCDS7615.1	NA	4/4	1613	0.627	1307	0.756	436	0.758	ncoils	NA	NA	20251	154	deleterious	0.01	possibly_damaging	0.859	0.995	1	1	0.475	3.37	6.12	912	NA	NA	NA	NA	0	0	0	0	0	1	11	21	5	3	2	0	0	2	3	0	0	0	0	0	0	0	0	0	0	3232.29	2.06098e-276	6.54	6.54	NA	NA	13.45	2.68	4.87	1.42	6.32	1.35	8.57	1.93	4.78	1.67	10.21	3.51	9.34	2.51	43.20	8.08	24.44	4.37	17.35	4.90	4.33	1.54	0.51	0.18	4.82	0.96	98	0	0	0	0	0	0	-0.039	0	0	10	1	0	19	4	5	152	28	61	1368	NA	NA	NA	4	4	4.192402	28.6
10	119676866	G	T	SNV	0	CodingTranscript	NON_SYNONYMOUS	7	missense	0.51	0.027	NA	NA	NA	NA	A	S	ENSG00000151929	ENST00000369085	BAG3	CCDS7615.1	NA	4/4	1618	0.629	1312	0.759	438	0.762	ncoils	NA	NA	20256	159	tolerated	0.07	possibly_damaging	0.81	0.997	1	1	0.595	4.494	8.744	912	NA	NA	NA	NA	0	0	0	0	0	1	11	21	5	3	2	0	0	2	3	0	0	0	0	0	0	0	0	0	0	3232.29	2.06098e-276	6.54	6.54	NA	NA	13.22	2.62	4.66	1.24	6.72	1.45	9.23	1.93	4.75	1.67	12.51	4.02	9.17	2.51	41.50	6.47	26.05	4.37	17.47	4.90	4.85	1.54	0.49	0.17	5.03	1.04	99	0	0	0	0	0	0	-0.003	0	0	12	1	0	19	4	5	153	28	61	1369	NA	NA	NA	4	4	3.370598	24.3
10	119676872	G	A	SNV	0	CodingTranscript	NON_SYNONYMOUS	7	missense	0.51	0.013	NA	NA	NA	NA	D	N	ENSG00000151929	ENST00000369085	BAG3	CCDS7615.1	NA	4/4	1624	0.632	1318	0.763	440	0.765	ncoils	NA	NA	20262	165	tolerated	0.37	benign	0.116	0.994	0.997	0.919	0.595	2.996	2.403	912	NA	NA	NA	NA	0	0	0	0	0	1	11	21	5	3	2	0	0	2	3	0	0	0	0	0	0	0	0	0	0	3232.29	2.06098e-276	6.54	5.64	NA	NA	13.02	2.68	4.93	1.24	6.31	1.45	9.42	1.93	4.99	1.67	12.53	3.01	9.17	2.51	45.71	9.70	27.02	4.92	16.52	4.09	4.49	1.03	0.49	0.17	5.02	1.03	23	0	0	0	0	0	0	0.001	0	0	5	1	0	18	4	5	153	28	61	1369	NA	NA	NA	4	4	2.274640	21.4
10	119676875	A	G	SNV	0	CodingTranscript	NON_SYNONYMOUS	7	missense	0.51	0.013	NA	NA	NA	NA	N	D	ENSG00000151929	ENST00000369085	BAG3	CCDS7615.1	NA	4/4	1627	0.633	1321	0.764	441	0.767	ncoils	NA	NA	20265	168	tolerated	0.07	possibly_damaging	0.466	0.991	0.999	0.435	0.475	1.178	0.965	912	NA	NA	NA	NA	0	0	0	0	0	1	11	21	5	3	2	0	0	2	3	0	0	0	0	0	0	0	0	0	0	3232.29	2.06098e-276	6.54	4.17	NA	NA	12.69	2.79	4.93	1.24	6.56	1.45	9.44	1.93	5.24	1.67	12.13	2.51	9.13	2.51	49.11	11.31	27.81	5.24	15.76	4.09	4.78	1.18	0.49	0.17	5.10	1.08	23	0	0	0	0	0	0	0.013	0	0	7	1	0	18	4	5	155	28	61	1369	NA	NA	NA	4	4	2.574259	22.6
10	119676877	C	A	SNV	0	CodingTranscript	NON_SYNONYMOUS	7	missense	0.497	0.013	NA	NA	NA	NA	N	K	ENSG00000151929	ENST00000369085	BAG3	CCDS7615.1	NA	4/4	1629	0.634	1323	0.766	441	0.767	ncoils	NA	NA	20267	170	tolerated	0.1	benign	0.22	0.992	1	0.433	0.418	1.617	0.186	912	NA	NA	NA	NA	0	0	0	0	0	1	11	21	5	3	2	0	0	2	3	0	0	0	0	0	0	0	0	0	0	3232.29	2.06098e-276	6.54	5.64	NA	NA	13.21	2.79	4.93	1.24	6.48	1.45	9.29	1.93	5.63	1.67	11.98	2.51	9.31	2.51	49.34	11.31	29.07	5.08	15.83	4.09	4.78	1.18	0.49	0.17	5.10	1.05	94	0	0	0	0	0	0	-0.012	0	0	33	1	0	18	4	5	155	28	61	1369	NA	NA	NA	4	4	2.001359	19.27
10	119676877	C	G	SNV	0	CodingTranscript	NON_SYNONYMOUS	7	missense	0.497	0.013	NA	NA	NA	NA	N	K	ENSG00000151929	ENST00000369085	BAG3	CCDS7615.1	NA	4/4	1629	0.634	1323	0.766	441	0.767	ncoils	NA	NA	20267	170	tolerated	0.1	benign	0.22	0.992	1	0.433	0.418	1.617	0.186	912	NA	NA	NA	NA	0	0	0	0	0	1	11	21	5	3	2	0	0	2	3	0	0	0	0	0	0	0	0	0	0	3232.29	2.06098e-276	6.54	5.64	NA	NA	13.21	2.79	4.93	1.24	6.48	1.45	9.29	1.93	5.63	1.67	11.98	2.51	9.31	2.51	49.34	11.31	29.07	5.08	15.83	4.09	4.78	1.18	0.49	0.17	5.10	1.05	94	0	0	0	0	0	0	-0.01	0	0	33	1	0	18	4	5	155	28	61	1369	NA	NA	NA	4	4	2.016925	19.38
10	119676880	T	TT	INS	1	CodingTranscript	FRAME_SHIFT	7	frameshift	0.487	0.013	NA	NA	NA	NA	-	X	ENSG00000151929	ENST00000369085	BAG3	CCDS7615.1	NA	4/4	1632	0.635	1326	0.767	442	0.769	ncoils	NA	NA	20270	173	NA	NA	NA	NA	0.993	1	1	0.595	4.494	4.247	912	NA	NA	NA	NA	0	0	0	0	0	1	11	21	5	3	2	0	0	2	3	0	0	0	0	0	0	0	0	0	0	3232.29	2.06098e-276	6.54	6.54	NA	NA	13.78	2.95	4.74	1.24	6.7	1.64	9.58	1.93	5.8	1.67	11.98	2.51	9.64	2.51	51.39	12.93	29.21	5.24	15.31	4.09	3.98	1.02	0.49	0.17	4.99	1.06	NA	0	0	0	0	0	0	-0.003	0	0	31	1	0	18	4	5	156	28	61	1369	NA	NA	NA	4	4	4.950672	33
10	119676888	A	G	SNV	0	CodingTranscript	NON_SYNONYMOUS	7	missense	0.51	0.013	NA	NA	NA	NA	K	R	ENSG00000151929	ENST00000369085	BAG3	CCDS7615.1	NA	4/4	1640	0.638	1334	0.772	445	0.774	ncoils	NA	NA	20278	181	tolerated	0.05	benign	0.271	0.998	1	1	0.475	3.37	5.379	912	NA	NA	NA	NA	0	0	0	0	0	1	11	21	5	3	2	0	0	2	3	0	0	0	0	0	0	0	0	0	0	3232.29	2.06098e-276	6.54	6.54	NA	NA	15.01	3.13	5.48	1.24	6.21	1.64	9.90	1.93	5.83	1.56	12.37	2.51	9.84	2.51	50.43	14.55	28.99	4.63	15.70	3.27	3.71	1.23	0.44	0.13	5.05	1.06	26	0	0	0	0	0	0	-0.008	0	0	31	1	0	17	4	5	157	28	61	1369	NA	NA	NA	4	4	2.809754	23.0
10	119676899	A	T	SNV	0	CodingTranscript	STOP_GAINED	8	stop_gained	0.517	0.04	NA	NA	NA	NA	K	*	ENSG00000151929	ENST00000369085	BAG3	CCDS7615.1	NA	4/4	1651	0.642	1345	0.778	449	0.781	ndomain	NA	NA	20289	192	NA	NA	NA	NA	0.998	1	1	0.475	3.37	8.224	912	NA	NA	NA	NA	0	0	0	0	0	1	11	21	5	3	2	0	0	2	3	0	0	0	0	0	0	0	0	0	0	3232.29	2.06098e-276	6.54	6.54	NA	NA	15.75	3.60	6.36	1.24	5.56	1.64	9.24	1.80	5.47	1.82	12.90	3.01	8.81	2.51	56.36	16.16	27.82	4.92	17.24	3.27	4.90	2.06	0.44	0.13	5.29	1.16	NA	0	0	0	0	0	0	-0.002	0	0	31	1	0	13	4	4	159	28	61	1370	NA	NA	NA	4	4	8.726006	45
10	119676902	A	T	SNV	0	CodingTranscript	STOP_GAINED	8	stop_gained	0.536	0.053	NA	NA	NA	NA	K	*	ENSG00000151929	ENST00000369085	BAG3	CCDS7615.1	NA	4/4	1654	0.643	1348	0.78	450	0.783	ndomain	NA	NA	20292	195	NA	NA	NA	NA	0.998	1	1	0.475	3.37	5.349	912	NA	NA	NA	NA	0	0	0	0	0	1	11	21	5	3	2	0	0	2	3	0	0	0	0	0	0	0	0	0	0	3232.29	2.06098e-276	6.54	6.54	NA	NA	15.64	3.49	7.03	1.86	5.82	1.64	9.45	1.80	4.86	1.37	13.32	2.51	8.50	2.51	57.92	16.16	26.76	5.22	18.68	3.27	5.11	2.06	0.44	0.13	5.50	1.19	NA	0	0	0	0	0	0	-0.017	0	0	31	0	0	12	4	4	159	28	61	1369	NA	NA	NA	4	4	8.380641	42
10	119676907	C	A	SNV	0	CodingTranscript	STOP_GAINED	8	stop_gained	0.53	0.053	NA	NA	NA	NA	Y	*	ENSG00000151929	ENST00000369085	BAG3	CCDS7615.1	NA	4/4	1659	0.645	1353	0.783	451	0.784	ndomain	NA	NA	20297	200	NA	NA	NA	NA	0.997	1	1	0.418	1.593	1.335	912	NA	NA	NA	NA	0	0	0	0	0	1	11	21	5	3	2	0	0	2	3	0	0	0	0	0	0	0	0	0	0	3232.29	2.06098e-276	6.54	5.63	NA	NA	16.11	3.49	6.09	1.24	6.26	1.64	8.68	1.57	5.61	1.67	14.80	2.51	8.55	2.51	63.66	16.16	28.16	5.07	19.44	3.27	4.68	2.06	0.35	0.10	5.66	1.18	NA	0	0	0	0	0	0	-0.011	0	0	31	0	0	10	4	4	158	28	61	1368	NA	NA	NA	4	4	7.693925	39
10	119676915	T	C	SNV	0	CodingTranscript	NON_SYNONYMOUS	7	missense	0.536	0.067	NA	NA	NA	NA	I	T	ENSG00000151929	ENST00000369085	BAG3	CCDS7615.1	NA	4/4	1667	0.648	1361	0.788	454	0.79	ndomain	NA	NA	20305	208	deleterious	0	probably_damaging	0.997	0.985	0.996	1	0.469	3.352	8.39	912	NA	NA	NA	NA	0	0	0	0	0	1	11	21	5	3	2	0	0	2	3	0	0	0	0	0	0	0	0	0	0	3232.29	2.06098e-276	6.54	6.54	NA	NA	15.37	3.60	4.78	1.03	6.27	1.74	9.67	1.57	7.29	2.50	14.16	2.17	8.57	2.51	65.14	17.78	28.49	5.34	19.60	4.09	6.41	2.06	0.35	0.10	5.78	1.27	89	0	0	0	0	0	0	0.001	0	0	2	0	0	12	4	4	160	28	61	1369	NA	NA	NA	4	4	4.045059	27.3
10	119676916	C	G	SNV	0	CodingTranscript	NON_SYNONYMOUS	7	missense	0.543	0.067	NA	NA	NA	NA	I	M	ENSG00000151929	ENST00000369085	BAG3	CCDS7615.1	NA	4/4	1668	0.649	1362	0.788	454	0.79	ndomain	NA	NA	20306	209	deleterious	0	probably_damaging	0.996	0.979	0.738	0.078	-1.234	-1.083	-0.495	912	NA	NA	NA	NA	0	0	0	0	0	1	11	21	5	3	2	0	0	2	3	0	0	0	0	0	0	0	0	0	0	3232.29	2.06098e-276	6.54	-5.95	NA	NA	15.17	3.40	4.78	1.03	6.27	1.74	9.98	1.57	7.21	2.50	14.31	2.17	8.57	2.51	64.88	17.78	28.55	5.14	20.08	4.09	6.79	2.35	0.35	0.10	5.74	1.27	10	0	0	0	0	0	0	0.001	0	0	20	0	0	13	4	4	160	28	61	1369	NA	NA	NA	4	4	1.553109	16.08
10	119676917	G	A	SNV	0	CodingTranscript	NON_SYNONYMOUS	7	missense	0.536	0.067	NA	NA	NA	NA	E	K	ENSG00000151929	ENST00000369085	BAG3	CCDS7615.1	NA	4/4	1669	0.649	1363	0.789	455	0.791	ndomain	NA	NA	20307	210	deleterious	0	probably_damaging	0.999	0.985	0.999	1	0.595	4.494	10.684	912	NA	NA	NA	NA	0	0	0	0	0	1	11	21	5	3	2	0	0	2	3	0	0	0	0	0	0	0	0	0	0	3232.29	2.06098e-276	6.54	6.54	NA	NA	15.17	3.40	4.98	1.03	6.22	1.74	9.98	1.57	7.21	2.50	14.48	2.17	8.57	2.51	63.27	16.16	29.46	5.41	20.21	4.09	6.79	2.35	0.35	0.10	5.72	1.27	56	0	0	0	0	0	0	-0.021	0	0	18	0	0	13	4	4	160	28	61	1368	NA	NA	NA	4	4	4.427759	31
10	119676920	G	A	SNV	0	CodingTranscript	NON_SYNONYMOUS	7	missense	0.536	0.067	NA	NA	NA	NA	E	K	ENSG00000151929	ENST00000369085	BAG3	CCDS7615.1	NA	4/4	1672	0.65	1366	0.791	456	0.793	ndomain	NA	NA	20310	213	deleterious	0	probably_damaging	0.99	0.994	1	1	0.595	4.494	10.684	912	NA	NA	NA	NA	0	0	0	0	0	1	11	21	5	3	2	0	0	2	3	0	0	0	0	0	0	0	0	0	0	3232.29	2.06098e-276	6.54	6.54	NA	NA	15.64	3.49	4.96	1.03	7.07	1.74	8.83	1.57	8.44	3.33	15	2.30	9.36	2.51	62	14.55	29.77	5.41	19.87	3.27	7.13	2.35	0.35	0.10	5.75	1.24	56	0	0	0	0	0	0	-0.02	0	0	18	0	0	11	4	4	160	28	61	1368	NA	NA	NA	4	4	4.428874	31
10	119676922	G	C	SNV	0	CodingTranscript	NON_SYNONYMOUS	7	missense	0.543	0.067	NA	NA	NA	NA	E	D	ENSG00000151929	ENST00000369085	BAG3	CCDS7615.1	NA	4/4	1674	0.651	1368	0.792	456	0.793	ndomain	NA	NA	20312	215	deleterious	0	probably_damaging	0.991	0.996	1	1	0.595	1.507	4.208	912	NA	NA	NA	NA	0	0	0	0	0	1	11	21	5	3	2	0	0	2	3	0	0	0	0	0	0	0	0	0	0	3232.29	2.06098e-276	6.54	3.78	NA	NA	15.56	3.59	4.96	1.03	7.37	1.74	8.83	1.57	8.84	3.33	15.31	2.30	8.59	2.51	62.80	14.55	29.21	5.57	19.48	3.27	7.22	2.35	0.35	0.10	5.65	1.23	0	0	0	0	0	0	0	0.003	0	0	18	0	0	10	4	4	160	28	61	1368	NA	NA	NA	4	4	3.448504	24.5
10	119676923	T	C	SNV	0	CodingTranscript	NON_SYNONYMOUS	7	missense	0.543	0.067	NA	NA	NA	NA	Y	H	ENSG00000151929	ENST00000369085	BAG3	CCDS7615.1	NA	4/4	1675	0.651	1369	0.792	457	0.795	ndomain	NA	NA	20313	216	deleterious	0.01	probably_damaging	0.987	0.997	1	1	0.469	3.352	2.645	912	NA	NA	NA	NA	0	0	0	0	0	1	11	21	5	3	2	0	0	2	3	0	0	0	0	0	0	0	0	0	0	3232.29	2.06098e-276	6.54	6.54	NA	NA	16.02	3.59	3.93	0.83	7.79	1.80	8.82	1.57	9.06	3.75	15.31	2.30	9.01	2.51	62.80	14.55	29.44	5.41	19.78	3.27	7.22	2.35	0.35	0.10	5.53	1.20	83	0	0	0	0	0	0	0.006	0	0	18	0	0	11	4	4	161	28	61	1368	NA	NA	NA	4	4	4.031916	27.2
10	119676939	T	C	SNV	0	CodingTranscript	NON_SYNONYMOUS	7	missense	0.53	0.08	NA	NA	NA	NA	L	P	ENSG00000151929	ENST00000369085	BAG3	CCDS7615.1	NA	4/4	1691	0.658	1385	0.802	462	0.803	ndomain	NA	NA	20329	232	deleterious	0	probably_damaging	1	0.996	0.988	1	0.469	3.352	8.39	912	NA	NA	NA	NA	0	0	0	0	0	1	11	21	5	3	2	0	0	2	3	0	0	0	0	0	0	0	0	0	0	3232.29	2.06098e-276	6.54	6.54	NA	NA	15.19	3.68	3.92	0.76	6.96	1.57	9.58	1.63	8.85	2.92	16.57	3.26	8.93	2.51	73.80	14.55	29.86	6.34	20.10	3.27	8.04	2.78	0.43	0.13	5.44	1.16	98	0	0	0	0	0	0	0.001	0	0	27	0	0	12	4	4	161	28	61	1367	NA	NA	NA	4	4	4.390751	31
10	119676948	T	C	SNV	0	CodingTranscript	NON_SYNONYMOUS	7	missense	0.523	0.08	NA	NA	NA	NA	L	P	ENSG00000151929	ENST00000369085	BAG3	CCDS7615.1	NA	4/4	1700	0.661	1394	0.807	465	0.809	ndomain	NA	NA	20338	241	deleterious	0	probably_damaging	1	0.996	1	1	0.469	3.352	8.39	912	NA	NA	NA	NA	0	0	0	0	0	1	11	21	5	3	2	0	0	2	3	0	0	0	0	0	0	0	0	0	0	3232.29	2.06098e-276	6.54	6.54	NA	NA	16.78	3.67	4.14	1.01	8.45	1.57	10.40	2.45	8.85	2.92	16.71	3.26	9.99	2.49	69.28	16.16	28.08	5.23	18.75	3.26	8.70	2.78	0.45	0.13	5.47	1.22	98	0	0	0	0	0	0	0.002	0	0	27	0	0	13	3	4	161	28	60	1366	NA	NA	NA	4	4	4.395415	31
10	119676950	G	A	SNV	0	CodingTranscript	NON_SYNONYMOUS	7	missense	0.523	0.08	NA	NA	NA	NA	D	N	ENSG00000151929	ENST00000369085	BAG3	CCDS7615.1	NA	4/4	1702	0.662	1396	0.808	466	0.81	ndomain	NA	NA	20340	243	deleterious	0	probably_damaging	1	0.995	1	1	0.595	4.494	10.684	912	NA	NA	NA	NA	0	0	0	0	0	1	11	21	5	3	2	0	0	2	3	0	0	0	0	0	0	0	0	0	0	3232.29	2.06098e-276	6.54	6.54	NA	NA	16.50	3.58	4.20	1.01	8.38	1.74	10.40	2.45	8.85	2.92	16.63	3.26	9.99	2.49	69.52	16.16	28.25	5.23	20.19	3.39	8.70	2.78	0.45	0.13	5.53	1.22	23	0	0	0	0	0	0	-0.008	0	0	27	0	0	13	3	4	162	28	60	1367	NA	NA	NA	4	4	4.402900	31
10	119676952	T	G	SNV	0	CodingTranscript	NON_SYNONYMOUS	7	missense	0.53	0.08	NA	NA	NA	NA	D	E	ENSG00000151929	ENST00000369085	BAG3	CCDS7615.1	NA	4/4	1704	0.663	1398	0.809	466	0.81	ndomain	NA	NA	20342	245	deleterious	0	probably_damaging	0.992	0.992	0.999	1	0.469	0.584	1.785	912	NA	NA	NA	NA	0	0	0	0	0	1	11	21	5	3	2	0	0	2	3	0	0	0	0	0	0	0	0	0	0	3232.29	2.06098e-276	6.54	2.74	NA	NA	16.65	3.58	4.22	0.92	8.38	1.74	10.47	2.45	8.93	2.92	17.01	3.26	10.17	2.49	69.09	16.16	30.14	6.56	19.83	3.39	8.88	2.78	0.45	0.13	5.55	1.22	0	0	0	0	0	0	0	-0.001	0	0	27	0	0	15	3	4	162	28	60	1367	NA	NA	NA	4	4	3.364718	24.3
10	119676956	G	A	SNV	0	CodingTranscript	NON_SYNONYMOUS	7	missense	0.53	0.08	NA	NA	NA	NA	V	M	ENSG00000151929	ENST00000369085	BAG3	CCDS7615.1	NA	4/4	1708	0.664	1402	0.811	468	0.814	ndomain	NA	NA	20346	249	deleterious	0.01	probably_damaging	1	0.984	0.997	1	0.595	4.494	10.684	912	NA	NA	NA	NA	0	0	0	0	0	1	11	21	5	3	2	0	0	2	3	0	0	0	0	0	0	0	0	0	0	3232.29	2.06098e-276	6.54	6.54	NA	NA	16.62	3.66	4.22	0.92	8.45	1.74	10.20	2.45	9.12	2.92	16.91	3.26	10.57	2.90	68.68	16.16	30.66	6.31	20.29	4.22	9.05	2.78	0.45	0.13	5.63	1.26	21	0	0	0	0	0	0	0.004	0	0	27	0	0	15	3	4	162	28	60	1367	NA	NA	NA	5	5	4.220941	28.9
10	119676961	C	A	SNV	0	CodingTranscript	NON_SYNONYMOUS	7	missense	0.517	0.08	NA	NA	NA	NA	D	E	ENSG00000151929	ENST00000369085	BAG3	CCDS7615.1	NA	4/4	1713	0.666	1407	0.814	469	0.816	ndomain	NA	NA	20351	254	tolerated	0.13	benign	0.426	0.97	0.999	1	-0.445	0.508	1.806	912	NA	NA	NA	NA	0	0	0	0	0	1	11	21	5	3	2	0	0	2	3	0	0	0	0	0	0	0	0	0	0	3232.29	2.06098e-276	6.54	3.8	NA	NA	17.07	3.66	4.51	0.92	8.43	1.74	10.71	2.45	9.12	2.92	16.30	3.26	10.49	2.90	66.53	16.16	32.06	6.34	19.54	4.07	9.66	3.09	0.45	0.13	5.67	1.28	0	0	0	0	0	0	0	0.002	0	0	28	0	0	14	3	4	163	28	60	1368	NA	NA	NA	5	5	1.900098	18.49
10	119676962	C	A	SNV	0	CodingTranscript	NON_SYNONYMOUS	7	missense	0.517	0.08	NA	NA	NA	NA	P	T	ENSG00000151929	ENST00000369085	BAG3	CCDS7615.1	NA	4/4	1714	0.667	1408	0.815	470	0.817	ndomain	NA	NA	20352	255	tolerated	0.17	possibly_damaging	0.627	0.97	0.999	1	0.418	2.907	7.122	912	NA	NA	NA	NA	0	0	0	0	0	1	11	21	5	3	2	0	0	2	3	0	0	0	0	0	0	0	0	0	0	3232.29	2.06098e-276	6.54	6.54	NA	NA	17.07	3.66	4.51	0.92	8.43	1.74	10.41	2.45	9.12	2.92	16.30	3.26	10.49	2.90	65.29	16.16	31.99	6.34	19.38	3.91	9.51	2.94	0.45	0.13	5.49	1.26	38	0	0	0	0	0	0	0.01	0	0	3	0	0	14	3	4	163	28	60	1368	NA	NA	NA	5	5	2.995468	23.4
10	119676962	C	T	SNV	0	CodingTranscript	NON_SYNONYMOUS	7	missense	0.517	0.08	NA	NA	NA	NA	P	S	ENSG00000151929	ENST00000369085	BAG3	CCDS7615.1	NA	4/4	1714	0.667	1408	0.815	470	0.817	ndomain	NA	NA	20352	255	deleterious	0.03	possibly_damaging	0.904	0.97	0.999	1	0.418	2.907	7.122	912	NA	NA	NA	NA	0	0	0	0	0	1	11	21	5	3	2	0	0	2	3	0	0	0	0	0	0	0	0	0	0	3232.29	2.06098e-276	6.54	6.54	NA	NA	17.07	3.66	4.51	0.92	8.43	1.74	10.41	2.45	9.12	2.92	16.30	3.26	10.49	2.90	65.29	16.16	31.99	6.34	19.38	3.91	9.51	2.94	0.45	0.13	5.49	1.26	74	0	0	0	0	0	0	0.006	0	0	3	0	0	14	3	4	163	28	60	1368	NA	NA	NA	5	5	3.720056	25.5
10	119676963	C	T	SNV	0	CodingTranscript	NON_SYNONYMOUS	7	missense	0.517	0.08	NA	NA	NA	NA	P	L	ENSG00000151929	ENST00000369085	BAG3	CCDS7615.1	NA	4/4	1715	0.667	1409	0.815	470	0.817	ndomain	NA	NA	20353	256	deleterious	0	probably_damaging	0.983	0.969	0.972	1	0.418	2.907	7.122	912	NA	NA	NA	NA	0	0	0	0	0	1	11	21	5	3	2	0	0	2	3	0	0	0	0	0	0	0	0	0	0	3232.29	2.06098e-276	6.54	6.54	NA	NA	16.74	3.33	4.54	0.92	8.43	1.74	10.41	2.45	9.74	3.33	16.73	3.26	10.47	2.90	65.29	16.16	32.56	6.59	19.38	3.91	9.49	2.94	0.45	0.13	5.47	1.28	98	0	0	0	0	0	0	0.008	0	0	2	0	0	15	3	4	163	28	60	1368	NA	NA	NA	5	5	3.953809	26.7
10	119676963	CC	C	DEL	1	CodingTranscript	FRAME_SHIFT	7	frameshift	0.517	0.08	NA	NA	NA	NA	P	X	ENSG00000151929	ENST00000369085	BAG3	CCDS7615.1	NA	4/4	1716	0.667	1410	0.816	470	0.817	ndomain	NA	NA	20354	257	NA	NA	NA	NA	0.967	0.001	0	-0.393	-4.826	-6.069	912	NA	NA	NA	NA	0	0	0	0	0	1	11	21	5	3	2	0	0	2	3	0	0	0	0	0	0	0	0	0	0	3232.29	2.06098e-276	6.54	-13.1	NA	NA	16.74	3.33	4.63	0.92	8.43	1.74	10.37	2.45	10.18	3.33	16.73	3.26	10.05	2.49	62.91	14.55	33.66	6.59	19.38	3.91	9.20	2.64	0.45	0.13	5.58	1.29	NA	0	0	0	0	0	0	0	0	0	3	0	0	15	3	4	163	28	60	1368	NA	NA	NA	5	5	0.775098	9.148
10	119676965	G	A	SNV	0	CodingTranscript	NON_SYNONYMOUS	7	missense	0.517	0.08	NA	NA	NA	NA	E	K	ENSG00000151929	ENST00000369085	BAG3	CCDS7615.1	NA	4/4	1717	0.668	1411	0.817	471	0.819	ndomain	NA	NA	20355	258	deleterious	0	probably_damaging	0.963	0.971	0.997	1	0.595	4.494	10.684	912	NA	NA	NA	NA	0	0	0	0	0	1	11	21	5	3	2	0	0	2	3	0	0	0	0	0	0	0	0	0	0	3232.29	2.06098e-276	6.54	6.54	NA	NA	17.03	3.33	4.63	0.92	8.43	1.74	10.58	2.45	10.18	3.33	16.73	3.26	10.47	2.49	64.27	14.55	33.50	6.34	19.15	3.77	9.08	2.52	0.45	0.13	5.58	1.29	56	0	0	0	0	0	0	-0.005	0	0	8	0	0	15	3	4	163	28	60	1368	NA	NA	NA	5	5	4.375762	31
10	119676965	G	C	SNV	0	CodingTranscript	NON_SYNONYMOUS	7	missense	0.517	0.08	NA	NA	NA	NA	E	Q	ENSG00000151929	ENST00000369085	BAG3	CCDS7615.1	NA	4/4	1717	0.668	1411	0.817	471	0.819	ndomain	NA	NA	20355	258	tolerated	0.06	possibly_damaging	0.825	0.971	0.997	1	0.595	4.494	10.684	912	NA	NA	NA	NA	0	0	0	0	0	1	11	21	5	3	2	0	0	2	3	0	0	0	0	0	0	0	0	0	0	3232.29	2.06098e-276	6.54	6.54	NA	NA	17.03	3.33	4.63	0.92	8.43	1.74	10.58	2.45	10.18	3.33	16.73	3.26	10.47	2.49	64.27	14.55	33.50	6.34	19.15	3.77	9.08	2.52	0.45	0.13	5.58	1.29	29	0	0	0	0	0	0	-0.008	0	0	8	0	0	15	3	4	163	28	60	1368	NA	NA	NA	5	5	3.579950	25.0
10	119676968	G	A	SNV	0	CodingTranscript	NON_SYNONYMOUS	7	missense	0.517	0.08	NA	NA	NA	NA	G	R	ENSG00000151929	ENST00000369085	BAG3	CCDS7615.1	NA	4/4	1720	0.669	1414	0.818	472	0.821	ndomain	NA	NA	20358	261	deleterious	0	probably_damaging	1	0.978	1	1	0.595	4.494	10.684	912	NA	NA	NA	NA	0	0	0	0	0	1	11	21	5	3	2	0	0	2	3	0	0	0	0	0	0	0	0	0	0	3232.29	2.06098e-276	6.54	6.54	NA	NA	17.50	3.58	5	0.92	8.43	1.74	10.10	2.04	10.24	3.33	17.54	3.26	10.69	2.49	65.57	14.55	32.76	6.34	19.64	3.77	9.06	2.52	0.41	0.09	5.48	1.34	125	0	0	0	0	0	0	0.004	0	0	7	0	0	13	3	4	163	28	60	1368	NA	NA	NA	5	5	4.329628	29.8
10	119676968	G	T	SNV	0	CodingTranscript	STOP_GAINED	8	stop_gained	0.517	0.08	NA	NA	NA	NA	G	*	ENSG00000151929	ENST00000369085	BAG3	CCDS7615.1	NA	4/4	1720	0.669	1414	0.818	472	0.821	ndomain	NA	NA	20358	261	NA	NA	NA	NA	0.978	1	1	0.595	4.494	10.684	912	NA	NA	NA	NA	0	0	0	0	0	1	11	21	5	3	2	0	0	2	3	0	0	0	0	0	0	0	0	0	0	3232.29	2.06098e-276	6.54	6.54	NA	NA	17.50	3.58	5	0.92	8.43	1.74	10.10	2.04	10.24	3.33	17.54	3.26	10.69	2.49	65.57	14.55	32.76	6.34	19.64	3.77	9.06	2.52	0.41	0.09	5.48	1.34	NA	0	0	0	0	0	0	-0	0	0	7	0	0	13	3	4	163	28	60	1368	NA	NA	NA	5	5	8.473580	43
10	119676971	C	T	SNV	0	CodingTranscript	STOP_GAINED	8	stop_gained	0.517	0.08	NA	NA	NA	NA	R	*	ENSG00000151929	ENST00000369085	BAG3	CCDS7615.1	NA	4/4	1723	0.67	1417	0.82	473	0.823	ndomain	NA	NA	20361	264	NA	NA	NA	NA	0.983	0.999	0.998	0.418	1.594	3.462	912	NA	NA	NA	NA	0	0	0	0	0	1	11	21	5	3	2	0	0	2	3	0	0	0	0	0	0	0	0	0	0	3232.29	2.06098e-276	6.54	5.64	NA	NA	17.71	3.49	4.91	0.92	8.63	1.74	10.12	2.04	9.94	3.33	17.95	3.26	10.93	2.49	67.26	14.55	30.90	5.86	20.08	4.30	9.12	2.52	0.41	0.09	5.44	1.38	NA	0	0	0	0	0	0	-0.004	0	0	7	0	0	13	3	4	164	28	60	1369	NA	NA	NA	5	5	7.869023	40
10	119676972	G	A	SNV	0	CodingTranscript	NON_SYNONYMOUS	7	missense	0.517	0.08	NA	NA	NA	NA	R	Q	ENSG00000151929	ENST00000369085	BAG3	CCDS7615.1	NA	4/4	1724	0.671	1418	0.821	473	0.823	ndomain	NA	NA	20362	265	tolerated	0.07	possibly_damaging	0.562	0.983	1	1	0.595	4.494	10.684	912	NA	NA	NA	NA	0	0	0	0	0	1	11	21	5	3	2	0	0	2	3	0	0	0	0	0	0	0	0	0	0	3232.29	2.06098e-276	6.54	6.54	NA	NA	17.71	3.49	4.91	0.92	8.62	1.74	10.12	2.04	9.88	3.33	17.91	3.26	10.93	2.49	67.62	14.55	31.43	5.86	20.60	4.84	9.21	2.52	0.41	0.09	5.50	1.40	43	0	0	0	0	0	0	-0.004	0	0	11	0	0	14	3	4	163	28	60	1370	NA	NA	NA	5	5	3.824877	26.0
10	119676972	G	GG	INS	1	CodingTranscript	FRAME_SHIFT	7	frameshift	0.52	0.081	NA	NA	NA	NA	R	RX	ENSG00000151929	ENST00000369085	BAG3	CCDS7615.1	NA	4/4	1724	0.671	1418	0.821	473	0.823	ndomain	NA	NA	20362	265	NA	NA	NA	NA	0.983	1	1	0.595	4.494	10.684	912	NA	NA	NA	NA	0	0	0	0	0	1	11	21	5	3	2	0	0	2	3	0	0	0	0	0	0	0	0	0	0	3232.29	2.06098e-276	6.54	6.54	NA	NA	17.71	3.49	4.91	0.92	8.62	1.74	10.43	2.04	9.88	3.33	18.54	3.26	10.93	2.49	67.8	14.55	32.5	5.86	20.69	4.84	9.21	2.52	0.41	0.09	5.56	1.43	NA	0	0	0	0	0	0	0.007	0	0	11	0	0	15	3	4	163	28	60	1370	NA	NA	NA	5	5	5.287906	33
10	119676974	G	A	SNV	0	CodingTranscript	NON_SYNONYMOUS	7	missense	0.517	0.08	NA	NA	NA	NA	A	T	ENSG00000151929	ENST00000369085	BAG3	CCDS7615.1	NA	4/4	1726	0.671	1420	0.822	474	0.824	ndomain	NA	NA	20364	267	tolerated	0.12	possibly_damaging	0.615	0.98	1	0.347	0.595	4.494	2.622	912	NA	NA	NA	NA	0	0	0	0	0	1	11	21	5	3	2	0	0	2	3	0	0	0	0	0	0	0	0	0	0	3232.29	2.06098e-276	6.54	6.54	NA	NA	17.71	3.68	4.91	0.92	8.52	1.74	10.43	2.04	9.88	3.33	18.98	3.26	10.86	2.49	67.81	14.55	32.55	5.86	21.33	4.84	8.98	2.24	0.41	0.09	5.59	1.46	58	0	0	0	0	0	0	-0.003	0	0	4	0	0	16	3	4	163	28	60	1370	NA	NA	NA	5	5	3.058483	23.5
10	119676977	G	A	SNV	0	CodingTranscript	NON_SYNONYMOUS	7	missense	0.523	0.08	NA	NA	NA	NA	D	N	ENSG00000151929	ENST00000369085	BAG3	CCDS7615.1	NA	4/4	1729	0.673	1423	0.823	475	0.826	ndomain	NA	NA	20367	270	deleterious	0.04	possibly_damaging	0.466	0.979	0.994	1	0.595	4.494	10.684	912	NA	NA	NA	NA	0	0	0	0	0	1	11	21	5	3	2	0	0	2	3	0	0	0	0	0	0	0	0	0	0	3232.29	2.06098e-276	6.54	6.54	NA	NA	19.12	4.51	4.85	1.11	8.83	1.74	9.34	1.63	9.73	3.33	19.35	3.26	10.88	2.49	66.56	14.55	33.85	6.27	21.78	5.59	9.36	2.35	0.41	0.09	5.63	1.51	23	0	0	0	0	0	0	-0.009	0	0	3	0	0	17	3	4	162	28	60	1369	NA	NA	NA	5	5	4.111209	27.8
10	119676979	T	A	SNV	0	CodingTranscript	NON_SYNONYMOUS	7	missense	0.523	0.08	NA	NA	NA	NA	D	E	ENSG00000151929	ENST00000369085	BAG3	CCDS7615.1	NA	4/4	1731	0.673	1425	0.825	475	0.826	ndomain	NA	NA	20369	272	deleterious	0.04	benign	0.278	0.988	0.975	0.982	0.469	-0.327	0.205	912	NA	NA	NA	NA	0	0	0	0	0	1	11	21	5	3	2	0	0	2	3	0	0	0	0	0	0	0	0	0	0	3232.29	2.06098e-276	6.54	-2.25	NA	NA	19.22	4.51	5.82	1.11	8.85	1.74	9.07	1.63	9.76	3.33	19.35	3.26	11.31	2.90	66.62	14.55	34	6.74	22.19	5.59	9.16	2.35	0.41	0.09	5.65	1.51	0	0	0	0	0	0	0	0.007	0	0	13	0	0	17	3	4	161	28	60	1369	NA	NA	NA	5	5	2.091194	19.95
10	119676983	C	T	SNV	0	CodingTranscript	NON_SYNONYMOUS	7	missense	0.53	0.08	NA	NA	NA	NA	R	C	ENSG00000151929	ENST00000369085	BAG3	CCDS7615.1	NA	4/4	1735	0.675	1429	0.827	477	0.83	ndomain	NA	NA	20373	276	deleterious	0	probably_damaging	0.999	0.994	1	1	0.418	2.907	5.309	912	NA	NA	NA	NA	0	0	0	0	0	1	11	21	5	3	2	0	0	2	3	0	0	0	0	0	0	0	0	0	0	3232.29	2.06098e-276	6.54	6.54	NA	NA	20.94	5.35	7.08	1.11	9	2.04	9.50	1.63	9.71	3.33	18.63	3.26	10.62	2.90	63.49	14.55	33.86	6.97	22.30	5.38	9.49	2.35	0.41	0.09	5.79	1.52	180	0	0	0	0	0	0	-0.014	0	0	11	0	0	18	3	4	161	28	60	1368	NA	NA	NA	5	5	4.355289	30
10	119676984	G	A	SNV	0	CodingTranscript	NON_SYNONYMOUS	7	missense	0.53	0.08	NA	NA	NA	NA	R	H	ENSG00000151929	ENST00000369085	BAG3	CCDS7615.1	NA	4/4	1736	0.675	1430	0.828	477	0.83	ndomain	NA	NA	20374	277	deleterious	0	probably_damaging	0.998	0.994	0.999	1	0.595	4.494	10.684	912	NA	NA	NA	NA	0	0	0	0	0	1	11	21	5	3	2	0	0	2	3	0	0	0	0	0	0	0	0	0	0	3232.29	2.06098e-276	6.54	6.54	NA	NA	20.63	5.35	7.04	1.11	9	2.04	9.50	1.63	9.76	3.33	18.51	3.61	10.65	2.90	63.91	14.55	34.45	7.20	22.20	5.38	9.49	2.35	0.41	0.09	5.79	1.53	29	0	0	0	0	0	0	0.001	0	0	11	0	0	18	3	4	162	28	60	1368	NA	NA	NA	5	5	4.467528	32
10	119676990	C	T	SNV	0	CodingTranscript	NON_SYNONYMOUS	7	missense	0.536	0.08	NA	NA	NA	NA	A	V	ENSG00000151929	ENST00000369085	BAG3	CCDS7615.1	NA	4/4	1742	0.678	1436	0.831	479	0.833	ndomain	NA	NA	20380	283	deleterious	0.01	probably_damaging	1	0.992	1	1	0.418	2.907	7.122	912	NA	NA	NA	NA	0	0	0	0	0	1	11	21	5	3	2	0	0	2	3	0	0	0	0	0	0	0	0	0	0	3232.29	2.06098e-276	6.54	6.54	NA	NA	20.85	5.35	7.63	1.48	9.36	2.29	9.82	1.63	9.76	3.33	18.99	3.61	10.48	2.90	65.76	14.55	35.53	7.20	24.17	6.15	10.22	2.64	0.42	0.08	6.09	1.56	64	0	0	0	0	0	0	-0.013	0	0	21	0	0	17	3	4	162	28	60	1367	NA	NA	NA	5	5	4.034031	27.2
10	119677001	G	A	SNV	0	CodingTranscript	NON_SYNONYMOUS	7	missense	0.55	0.067	NA	NA	NA	NA	G	S	ENSG00000151929	ENST00000369085	BAG3	CCDS7615.1	NA	4/4	1753	0.682	1447	0.837	483	0.84	ndomain	NA	NA	20391	294	deleterious	0.02	possibly_damaging	0.848	0.991	0.996	1	0.595	4.494	10.684	912	NA	NA	NA	NA	0	0	0	0	0	1	11	20	5	4	2	0	0	2	3	0	0	0	0	0	0	0	0	0	0	3232.29	2.06098e-276	6.54	6.54	NA	NA	21.12	5.35	7.38	1.48	9.70	2.62	9.14	1.63	9.94	3.33	19.63	3.61	11.47	2.90	70.33	14.55	35.30	7.43	24.48	5.59	9.90	2.64	0.42	0.08	5.82	1.64	56	0	0	0	0	0	0	-0.009	0	0	12	0	0	17	3	4	159	28	60	1368	NA	NA	NA	5	5	4.228176	28.9
10	119677004	G	A	SNV	0	CodingTranscript	NON_SYNONYMOUS	7	missense	0.55	0.067	NA	NA	NA	NA	V	I	ENSG00000151929	ENST00000369085	BAG3	CCDS7615.1	NA	4/4	1756	0.683	1450	0.839	484	0.842	ndomain	NA	NA	20394	297	tolerated	0.05	possibly_damaging	0.8	0.994	0.997	1	0.595	4.494	10.684	912	NA	NA	NA	NA	0	0	0	0	0	1	11	20	5	4	2	0	0	2	3	0	0	0	0	0	0	0	0	0	0	3232.29	2.06098e-276	6.54	6.54	NA	NA	21.16	5.35	7.86	1.84	10.07	2.62	9.67	1.63	10.31	3.33	19.77	3.61	11.08	3.31	71.85	14.55	36.77	7.43	24.66	5.59	9.62	2.35	0.42	0.08	5.83	1.57	29	0	0	0	0	0	0	-0.001	0	0	11	0	0	17	3	4	158	28	60	1368	NA	NA	NA	5	5	3.463705	24.6
10	119677005	T	A	SNV	0	CodingTranscript	NON_SYNONYMOUS	7	missense	0.55	0.067	NA	NA	NA	NA	V	D	ENSG00000151929	ENST00000369085	BAG3	CCDS7615.1	NA	4/4	1757	0.683	1451	0.84	484	0.842	ndomain	NA	NA	20395	298	deleterious	0	probably_damaging	0.998	0.994	1	1	0.469	3.352	8.39	912	NA	NA	NA	NA	0	0	0	0	0	1	11	20	5	4	2	0	0	2	3	0	0	0	0	0	0	0	0	0	0	3232.29	2.06098e-276	6.54	6.54	NA	NA	20.72	5.35	7.80	1.84	10.03	2.62	9.91	1.71	10.34	3.33	19.09	3.61	11.10	3.31	72.26	14.55	36.70	7.20	25.09	5.59	9.11	2.35	0.42	0.08	5.81	1.57	152	0	0	0	0	0	0	0.009	0	0	11	0	0	17	3	4	158	28	60	1367	NA	NA	NA	5	5	4.324299	29.8
10	119677007	A	G	SNV	0	CodingTranscript	NON_SYNONYMOUS	7	missense	0.543	0.067	NA	NA	NA	NA	R	G	ENSG00000151929	ENST00000369085	BAG3	CCDS7615.1	NA	4/4	1759	0.684	1453	0.841	485	0.843	ndomain	NA	NA	20397	300	deleterious	0	possibly_damaging	0.905	0.992	0.993	1	-0.356	-0.14	1.535	912	NA	NA	NA	NA	0	0	0	0	0	1	11	20	5	4	2	0	0	2	3	0	0	0	0	0	0	0	0	0	0	3232.29	2.06098e-276	6.54	-1.58	NA	NA	20.63	5.35	7.82	1.84	10.03	2.62	10.14	2.04	10.39	3.33	19.63	3.61	11.10	3.31	74.14	14.55	36.87	7.20	26.34	6.15	9.11	2.35	0.42	0.07	5.74	1.58	125	0	0	0	0	0	0	-0.003	0	0	11	0	0	17	3	4	158	28	60	1366	NA	NA	NA	5	5	3.041440	23.5
10	119677023	T	C	SNV	0	CodingTranscript	NON_SYNONYMOUS	7	missense	0.543	0.067	NA	NA	NA	NA	I	T	ENSG00000151929	ENST00000369085	BAG3	CCDS7615.1	NA	4/4	1775	0.69	1469	0.85	490	0.852	ndomain	NA	NA	20413	316	deleterious	0.03	probably_damaging	0.994	0.998	1	1	0.469	3.352	8.39	912	NA	NA	NA	NA	0	0	0	0	0	1	11	20	5	4	2	0	0	2	3	0	0	0	0	0	0	0	0	0	0	3232.29	2.06098e-276	6.54	6.54	NA	NA	20.82	4.17	7.33	1.82	10.44	2.62	11.58	2.45	10.40	4.16	21.32	4.81	10.05	3.31	78.48	16.92	37.47	8.13	25.33	6.46	8.64	1.54	0.42	0.07	5.25	1.50	89	0	0	0	0	0	0	-0.001	0	0	2	0	1	15	3	4	160	28	60	1368	NA	NA	NA	5	5	4.014080	27.1
10	119677031	A	G	SNV	0	CodingTranscript	NON_SYNONYMOUS	7	missense	0.55	0.067	NA	NA	NA	NA	K	E	ENSG00000151929	ENST00000369085	BAG3	CCDS7615.1	NA	4/4	1783	0.694	1477	0.855	493	0.857	ndomain	NA	NA	20421	324	tolerated	0.26	benign	0.346	0.997	1	1	0.475	3.37	7.044	912	NA	NA	NA	NA	0	0	0	0	0	1	11	20	5	4	2	0	0	2	3	0	0	0	0	0	0	0	0	0	0	3232.29	2.06098e-276	6.54	6.54	NA	NA	21.53	4.45	7.05	1.45	9.76	1.87	10.72	2.45	9.75	4.16	19.81	3.61	9.48	3.31	77.96	15.38	36.32	8.33	24.43	6.34	9.19	1.27	0.45	0.08	5.65	1.48	56	0	0	0	0	0	0	0.02	0	0	33	0	1	12	3	4	160	28	60	1369	NA	NA	NA	6	6	2.907847	23.2
10	119677034	C	T	SNV	0	CodingTranscript	NON_SYNONYMOUS	7	missense	0.543	0.067	NA	NA	NA	NA	L	F	ENSG00000151929	ENST00000369085	BAG3	CCDS7615.1	NA	4/4	1786	0.695	1480	0.856	494	0.859	ndomain	NA	NA	20424	327	deleterious	0	probably_damaging	1	0.994	1	1	0.418	2.907	7.122	912	NA	NA	NA	NA	0	0	0	0	0	1	11	20	5	4	2	0	0	2	3	0	0	0	0	0	0	0	0	0	0	3232.29	2.06098e-276	6.54	6.54	NA	NA	22.74	4.45	7.44	1.82	10.04	2.19	11.16	2.45	9.75	4.16	19.62	3.61	9.50	3.31	81.41	15.38	37.58	8.57	23.91	6.34	9.19	1.27	0.45	0.08	5.58	1.38	22	0	0	0	0	0	0	-0.007	0	0	26	0	1	12	3	4	159	28	60	1369	NA	NA	NA	6	6	3.917250	26.4
10	119677046	G	T	SNV	0	CodingTranscript	NON_SYNONYMOUS	7	missense	0.536	0.053	NA	NA	NA	NA	A	S	ENSG00000151929	ENST00000369085	BAG3	CCDS7615.1	NA	4/4	1798	0.699	1492	0.863	498	0.866	ndomain	NA	NA	20436	339	deleterious	0.03	probably_damaging	0.937	0.979	1	1	0.595	4.494	8.165	912	NA	NA	NA	NA	0	0	0	0	0	1	11	20	5	4	2	0	0	2	3	0	0	0	0	0	0	0	0	0	0	3232.29	2.06098e-276	6.54	6.54	NA	NA	24.54	4.45	8.78	1.82	11.93	3.05	10.96	2.41	10.24	4.16	19.95	3.61	9.40	2.86	83.76	15.38	35.70	8.13	23.51	5.50	9.04	1.27	0.49	0.08	5.61	1.23	99	0.01	0	0	0	0	0	-0.004	0	0	26	0	1	11	3	4	157	28	60	1368	NA	NA	NA	6	6	3.914296	26.4
10	119677050	T	A	SNV	0	CodingTranscript	NON_SYNONYMOUS	7	missense	0.523	0.04	NA	NA	NA	NA	I	N	ENSG00000151929	ENST00000369085	BAG3	CCDS7615.1	NA	4/4	1802	0.701	1496	0.866	499	0.868	ndomain	NA	NA	20440	343	tolerated	0.47	possibly_damaging	0.537	0.962	0.354	0.201	0.469	3.352	2.277	912	NA	NA	NA	NA	0	0	0	0	0	1	11	20	5	4	2	0	0	2	3	0	0	0	0	0	0	0	0	0	0	3232.29	2.06098e-276	6.54	6.54	NA	NA	23.84	4.45	7.99	1.45	12.58	3.49	11.61	2.41	8.95	2.92	19.45	3.61	9.39	3.27	82.06	15.38	36	8.13	22.76	5.19	9.20	1.53	0.49	0.08	5.57	1.20	149	0	0	0	0	0	0	0.004	0	0	26	0	1	11	3	5	158	28	60	1368	NA	NA	NA	6	6	2.689213	22.8
10	119677050	T	C	SNV	0	CodingTranscript	NON_SYNONYMOUS	7	missense	0.523	0.04	NA	NA	NA	NA	I	T	ENSG00000151929	ENST00000369085	BAG3	CCDS7615.1	NA	4/4	1802	0.701	1496	0.866	499	0.868	ndomain	NA	NA	20440	343	tolerated	0.62	benign	0.432	0.962	0.354	0.201	0.469	3.352	2.277	912	NA	NA	NA	NA	0	0	0	0	0	1	11	20	5	4	2	0	0	2	3	0	0	0	0	0	0	0	0	0	0	3232.29	2.06098e-276	6.54	6.54	NA	NA	23.84	4.45	7.99	1.45	12.58	3.49	11.61	2.41	8.95	2.92	19.45	3.61	9.39	3.27	82.06	15.38	36	8.13	22.76	5.19	9.20	1.53	0.49	0.08	5.57	1.20	89	0	0	0	0	0	0	0.006	0	0	26	0	1	11	3	5	158	28	60	1368	NA	NA	NA	6	6	1.935579	18.76
10	119677053	A	T	SNV	0	CodingTranscript	NON_SYNONYMOUS	7	missense	0.51	0.027	NA	NA	NA	NA	D	V	ENSG00000151929	ENST00000369085	BAG3	CCDS7615.1	NA	4/4	1805	0.702	1499	0.867	500	0.87	hmmpanther	NA	NA	20443	346	deleterious	0	possibly_damaging	0.665	0.988	1	1	0.475	3.37	6.323	912	NA	NA	NA	NA	0	0	0	0	0	1	11	20	5	4	2	0	0	2	3	0	0	0	0	0	0	0	0	0	0	3232.29	2.06098e-276	6.54	6.54	NA	NA	21.85	3.60	7.85	1.45	12.11	2.99	11.39	2.01	8.94	2.92	17.88	3.61	9.75	3.27	79.96	13.46	35.41	8.13	22.25	4.67	9.16	1.53	0.49	0.08	5.42	1.18	152	0.01	0	0	0	0	0	-0.012	0	0	26	0	1	10	3	5	158	28	60	1368	NA	NA	NA	6	6	3.974743	26.8
10	119677058	C	G	SNV	0	CodingTranscript	NON_SYNONYMOUS	7	missense	0.517	0.027	NA	NA	NA	NA	P	A	ENSG00000151929	ENST00000369085	BAG3	CCDS7615.1	NA	4/4	1810	0.704	1504	0.87	502	0.873	hmmpanther	NA	NA	20448	351	deleterious	0.01	probably_damaging	0.914	0.993	0.997	1	0.418	2.907	1.817	912	NA	NA	NA	NA	0	0	0	0	0	1	11	20	5	4	2	0	0	2	3	0	0	0	0	0	0	0	0	0	0	3232.29	2.06098e-276	6.54	6.54	NA	NA	22.60	3.60	7.12	1.11	12.19	2.99	11.81	2.01	6.39	2.08	17.02	3.61	10.03	3.27	75.13	11.51	36.89	8.40	22.28	4.67	9.31	1.70	0.49	0.08	5.63	1.19	27	0	0	0	0	0	0	0.004	0	0	9	0	1	11	2	5	158	28	60	1367	NA	NA	NA	6	6	3.268963	24.0
10	119677064	CAAGTCCAGGTC	C	DEL	11	CodingTranscript	FRAME_SHIFT	7	frameshift	0.528	0.025	NA	NA	NA	NA	QVQV	X	ENSG00000151929	ENST00000369085	BAG3	CCDS7615.1	NA	4/4	1817	0.707	1511	0.874	504	0.877	hmmpanther	NA	NA	20455	358	NA	NA	NA	NA	0.989	1	1	0.595	4.494	6.323	911	NA	NA	NA	NA	0	0	0	0	0	1	11	20	5	4	2	0	0	2	3	0	0	0	0	0	0	0	0	0	0	3232.29	2.06098e-276	6.54	6.54	NA	NA	25.21	5	8.39	1.45	10.93	2.62	13.67	2.06	6.04	1.67	16.1	3.64	10.15	3.27	71.69	12.52	39.48	8.85	21.73	4.67	9.07	1.42	0.53	0.12	5.53	1.18	NA	NA	NA	NA	NA	NA	NA	NA	NA	NA	20	0	1	15	2	5	161	28	60	1368	NA	NA	NA	7	7	5.019825	33
10	119677072	GG	G	DEL	1	CodingTranscript	FRAME_SHIFT	7	frameshift	0.523	0.027	NA	NA	NA	NA	V	X	ENSG00000151929	ENST00000369085	BAG3	CCDS7615.1	NA	4/4	1825	0.71	1519	0.879	507	0.882	hmmpanther	NA	NA	20463	366	NA	NA	NA	NA	0.987	1	1	0.595	4.494	4.348	911	NA	NA	NA	NA	0	0	0	0	0	1	11	20	5	4	2	0	0	2	3	0	0	0	0	0	0	0	0	0	0	3232.29	2.06098e-276	6.54	6.54	NA	NA	24.59	4.72	7.98	1.11	10.27	2.62	13.03	2.01	5.21	1.67	15.81	3.64	9.44	2.45	68.76	11.85	37.03	7.98	20.24	4.31	8.76	1.27	0.53	0.12	5.33	1.06	NA	0	0	0	0	0	0	0.002	0	0	11	0	1	14	2	5	161	28	60	1366	NA	NA	NA	7	7	4.916070	33
10	119677077	A	G	SNV	0	CodingTranscript	NON_SYNONYMOUS	7	missense	0.517	0.013	NA	NA	NA	NA	Y	C	ENSG00000151929	ENST00000369085	BAG3	CCDS7615.1	NA	4/4	1829	0.711	1523	0.881	508	0.883	hmmpanther	NA	NA	20467	370	tolerated	0.14	probably_damaging	0.932	0.986	1	1	0.475	3.37	4.049	911	NA	NA	NA	NA	0	0	0	0	0	1	11	20	5	4	2	0	0	2	3	0	0	0	0	0	0	0	0	0	0	3232.29	2.06098e-276	6.54	6.54	NA	NA	24.01	4.72	8.16	1.11	10.05	2.74	12.88	2.06	5.32	1.67	15.29	3.64	9.15	2.45	68.60	12.52	36.23	7.37	20.57	4.31	9.04	1.27	0.53	0.12	5.22	0.93	194	0	0	0.01	0	0	0	0.004	0	0	34	0	1	12	2	5	161	28	60	1367	NA	NA	NA	7	7	3.529788	24.8
10	119677082	C	T	SNV	0	CodingTranscript	NON_SYNONYMOUS	7	missense	0.517	0.013	NA	NA	NA	NA	L	F	ENSG00000151929	ENST00000369085	BAG3	CCDS7615.1	NA	4/4	1834	0.713	1528	0.884	510	0.887	hmmpanther	NA	NA	20472	375	tolerated	0.14	benign	0.088	0.977	1	1	0.418	1.611	2.903	911	NA	NA	NA	NA	0	0	0	0	0	1	11	20	5	4	2	0	0	2	3	0	0	0	0	0	0	0	0	0	0	3232.29	2.06098e-276	6.54	5.64	NA	NA	24.51	4.72	8.29	1.11	9.85	2.74	14.24	2.29	5.33	1.67	14.95	3.64	9.55	2.86	65.76	12.19	35.21	7.32	18.72	4.31	9.50	1.53	0.53	0.12	5.16	0.92	22	0	0	0	0	0	0	-0.002	0	0	23	0	1	13	2	5	161	28	60	1365	NA	NA	NA	7	7	2.186645	20.8
10	119677085	C	T	SNV	0	CodingTranscript	STOP_GAINED	8	stop_gained	0.517	0.013	NA	NA	NA	NA	Q	*	ENSG00000151929	ENST00000369085	BAG3	CCDS7615.1	NA	4/4	1837	0.715	1531	0.886	511	0.889	hmmpanther	NA	NA	20475	378	NA	NA	NA	NA	0.955	1	1	0.418	2.907	3.585	911	NA	NA	NA	NA	0	0	0	0	0	1	11	20	5	4	2	0	0	2	3	0	0	0	0	0	0	0	0	0	0	3232.29	2.06098e-276	6.54	6.54	NA	NA	24.17	4.72	7.63	1.11	10.02	2.74	14.29	2.29	5.31	1.67	14.70	3.64	9.26	2.86	66.24	12.19	35.09	7.54	18.13	4.31	8.93	1.53	0.53	0.12	5.47	1.16	NA	0	0	0	0	0	0	-0.021	0	0	23	0	1	13	2	5	158	28	60	1365	NA	NA	NA	7	7	8.150973	41
10	119677091	A	G	SNV	0	CodingTranscript	NON_SYNONYMOUS	7	missense	0.51	0.013	NA	NA	NA	NA	S	G	ENSG00000151929	ENST00000369085	BAG3	CCDS7615.1	NA	4/4	1843	0.717	1537	0.889	513	0.892	hmmpanther	NA	NA	20481	384	tolerated	0.09	benign	0.001	0.766	0.999	0.996	-0.389	0.772	1.363	911	NA	NA	NA	NA	0	0	0	0	0	1	11	20	5	4	2	0	0	2	3	0	0	0	0	0	0	0	0	0	0	3232.29	2.06098e-276	6.54	3.07	NA	NA	25.01	4.72	6.61	1.09	8.72	2.20	13.58	2.01	4.70	1.25	14.21	3.38	8.99	2.86	62.57	12.19	36.54	7.98	16.04	3.95	8.56	1.53	0.50	0.09	5.65	1.01	56	0	0	0	0	0	0	0.004	0	0	23	0	1	15	2	5	159	28	60	1366	NA	NA	NA	6	6	1.641008	16.64
10	119677095	A	G	SNV	0	CodingTranscript	NON_SYNONYMOUS	7	missense	0.51	0.013	NA	NA	NA	NA	N	S	ENSG00000151929	ENST00000369085	BAG3	CCDS7615.1	NA	4/4	1847	0.718	1541	0.892	514	0.894	hmmpanther	NA	NA	20485	388	tolerated	0.8	benign	0	0.603	0.96	0.983	-0.389	-0.139	0.468	911	NA	NA	NA	NA	0	0	0	0	0	1	11	20	5	4	2	0	0	2	3	0	0	0	0	0	0	0	0	0	0	3232.29	2.06098e-276	6.54	-0.246	NA	NA	23.53	4.17	6.84	1.20	9.82	2.20	13.37	2.01	4.21	1.03	13.16	3.38	8.60	2.45	63.29	13.20	36.10	7.98	17.51	3.95	8.68	1.92	0.50	0.09	5.83	1	46	0	0	0	0	0	0	-0	0	0	23	0	2	16	2	5	159	28	60	1366	NA	NA	NA	6	6	0.452567	6.001
10	119677097	C	T	SNV	0	CodingTranscript	NON_SYNONYMOUS	7	missense	0.503	0.013	NA	NA	NA	NA	L	F	ENSG00000151929	ENST00000369085	BAG3	CCDS7615.1	NA	4/4	1849	0.719	1543	0.893	515	0.896	hmmpanther	NA	NA	20487	390	tolerated	0.12	benign	0.007	0.549	0.999	0.981	0.418	2.907	1.118	911	NA	NA	NA	NA	0	0	0	0	0	1	11	20	5	4	2	0	0	2	3	0	0	0	0	0	0	0	0	0	0	3232.29	2.06098e-276	6.54	6.54	NA	NA	23.18	3.89	6.76	1.13	10.42	2.20	13.81	2.01	4.69	1.04	13.13	3.38	8.60	2.45	61.61	13.20	36.03	7.76	17.64	3.95	8.49	1.92	0.50	0.09	5.95	1.03	22	0	0	0	0	0	0	0.001	0	0	23	0	2	17	2	5	159	28	60	1366	NA	NA	NA	6	6	1.916313	18.61
10	119677100	G	A	SNV	0	CodingTranscript	NON_SYNONYMOUS	7	missense	0.503	0.013	NA	NA	NA	NA	E	K	ENSG00000151929	ENST00000369085	BAG3	CCDS7615.1	NA	4/4	1852	0.72	1546	0.895	516	0.897	hmmpanther	NA	NA	20490	393	tolerated	0.05	benign	0.014	0.432	0.985	0.999	0.595	4.494	5.374	911	NA	NA	NA	NA	0	0	0	0	0	1	11	20	5	4	2	0	0	2	3	0	0	0	0	0	0	0	0	0	0	3232.29	2.06098e-276	6.54	6.54	NA	NA	22.59	3.89	6.45	1.13	10.75	2.20	13.73	2.01	4.97	1.04	13.08	3.38	8.60	2.45	58.75	12.15	36.77	7.54	18	4.31	8.49	1.92	0.50	0.09	5.85	1.01	56	0	0	0	0	0	0	-0.018	0	0	26	0	2	18	2	5	161	28	60	1366	NA	NA	NA	6	6	2.425877	22.2
10	119677108	T	A	SNV	0	CodingTranscript	NON_SYNONYMOUS	7	missense	0.51	0.013	NA	NA	NA	NA	D	E	ENSG00000151929	ENST00000369085	BAG3	CCDS7615.1	NA	4/4	1860	0.723	1554	0.899	518	0.901	hmmpanther	NA	NA	20498	401	tolerated	0.33	benign	0.001	0.84	0.003	0	0.469	-0.833	-0.116	911	NA	NA	NA	NA	0	0	0	0	0	1	11	20	5	4	2	0	0	2	3	0	0	0	0	0	0	0	0	0	0	3232.29	2.06098e-276	6.54	-5.4	NA	NA	21.82	3.87	6.46	1.09	11.45	2.20	14.67	2.21	4.66	0.84	13.11	3.38	8.42	2.15	58.25	12.47	30.93	7.10	18.96	4.67	9.25	2.19	0.51	0.10	5.95	1	0	0	0	0	0	0	0	0.004	0	0	14	0	2	18	2	6	161	28	60	1369	NA	NA	NA	6	6	0.272002	3.962
10	119677112	C	T	SNV	0	CodingTranscript	NON_SYNONYMOUS	7	missense	0.517	0.013	NA	NA	NA	NA	P	S	ENSG00000151929	ENST00000369085	BAG3	CCDS7615.1	NA	4/4	1864	0.725	1558	0.902	520	0.904	hmmpanther	NA	NA	20502	405	deleterious	0.04	benign	0.158	0.949	0.533	0.825	0.418	2.907	2.633	911	NA	NA	NA	NA	0	0	0	0	0	1	11	20	5	4	2	0	0	2	3	0	0	0	0	0	0	0	0	0	0	3232.29	2.06098e-276	6.54	6.54	NA	NA	20.82	3.48	6.84	1.09	10.95	2.20	13.65	2.01	4.05	0.84	12.91	2.86	8.64	2.15	59.32	12.47	30.82	6.87	19.23	4.67	8.51	1.92	0.51	0.10	5.97	1.01	74	0	0	0	0	0	0	-0.01	0	0	9	0	1	17	2	6	160	28	60	1369	NA	NA	NA	5	5	2.561629	22.6
10	119677119	A	T	SNV	0	CodingTranscript	NON_SYNONYMOUS	7	missense	0.53	0.013	NA	NA	NA	NA	Q	L	ENSG00000151929	ENST00000369085	BAG3	CCDS7615.1	NA	4/4	1871	0.728	1565	0.906	522	0.908	hmmpanther	NA	NA	20509	412	deleterious	0	possibly_damaging	0.796	0.991	1	1	0.475	3.37	4.687	911	NA	NA	NA	NA	0	0	0	0	0	1	11	20	5	4	2	0	0	2	3	0	0	0	0	0	0	0	0	0	0	3232.29	2.06098e-276	6.54	6.54	NA	NA	20.80	3.87	6.83	1.09	10.29	2.14	13.01	2.01	4.75	1.04	12.01	2.72	8.48	2.04	57.57	11.83	30.55	7.26	18.24	4.67	7.27	1.79	0.51	0.10	6.18	1.01	113	0	0	0	0	0	0	0.006	0	0	3	0	1	16	2	6	160	28	60	1369	NA	NA	NA	5	5	3.838557	26.0
10	119677121	G	A	SNV	0	CodingTranscript	NON_SYNONYMOUS	7	missense	0.536	0.013	NA	NA	NA	NA	A	T	ENSG00000151929	ENST00000369085	BAG3	CCDS7615.1	NA	4/4	1873	0.729	1567	0.907	523	0.91	hmmpanther	NA	NA	20511	414	tolerated	0.06	benign	0.023	0.993	1	1	0.595	4.494	6.312	911	NA	NA	NA	NA	0	0	0	0	0	1	11	20	5	4	2	0	0	2	3	0	0	0	0	0	0	0	0	0	0	3232.29	2.06098e-276	6.54	6.54	NA	NA	20.28	3.87	6.94	1.18	9.37	2.14	13.01	2.01	4.75	1.04	12.01	2.72	8.48	2.04	57.15	11.83	30.14	7.03	18.40	4.67	7.27	1.79	0.51	0.10	6.09	1.02	58	0	0	0	0	0	0	0.008	0	0	5	0	1	16	2	6	159	28	60	1370	NA	NA	NA	5	5	2.674220	22.8
10	119677124	A	T	SNV	0	CodingTranscript	NON_SYNONYMOUS	7	missense	0.517	0.013	NA	NA	NA	NA	I	F	ENSG00000151929	ENST00000369085	BAG3	CCDS7615.1	NA	4/4	1876	0.73	1570	0.909	524	0.911	hmmpanther	NA	NA	20514	417	deleterious	0	benign	0.23	0.991	0.998	0.994	0.475	3.37	2.792	911	NA	NA	NA	NA	0	0	0	0	0	1	11	20	5	4	2	0	0	2	3	0	0	0	0	0	0	0	0	0	0	3232.29	2.06098e-276	6.54	6.54	NA	NA	20.63	3.89	6.93	1.18	8.66	1.71	13.18	2.01	4.75	1.04	11.90	2.72	8.15	2.04	55.86	11.83	31.02	6.87	17.31	4.31	6.83	1.79	0.51	0.10	6.07	1.04	21	0	0	0	0	0	0	0	0	0	8	0	1	16	2	6	159	28	60	1371	NA	NA	NA	5	5	3.067986	23.6
10	119677125	T	C	SNV	0	CodingTranscript	NON_SYNONYMOUS	7	missense	0.523	0.013	NA	NA	NA	NA	I	T	ENSG00000151929	ENST00000369085	BAG3	CCDS7615.1	NA	4/4	1877	0.73	1571	0.909	524	0.911	hmmpanther	NA	NA	20515	418	tolerated	0.11	benign	0.009	0.99	1	0.999	0.469	3.352	1.415	911	NA	NA	NA	NA	0	0	0	0	0	1	11	20	5	4	2	0	0	2	3	0	0	0	0	0	0	0	0	0	0	3232.29	2.06098e-276	6.54	6.54	NA	NA	20.63	3.89	6.93	1.18	8.66	1.71	13.18	2.01	4.75	1.04	11.90	2.72	8.15	2.04	55.71	11.83	31.44	6.87	17.31	4.31	6.40	1.79	0.51	0.10	6.07	1.07	89	0	0	0	0	0	0	0.008	0	0	5	0	1	16	2	6	160	28	60	1371	NA	NA	NA	5	5	2.378793	22.0
10	119677128	T	C	SNV	0	CodingTranscript	NON_SYNONYMOUS	7	missense	0.53	0.013	NA	NA	NA	NA	M	T	ENSG00000151929	ENST00000369085	BAG3	CCDS7615.1	NA	4/4	1880	0.731	1574	0.911	525	0.913	hmmpanther	NA	NA	20518	421	tolerated	0.08	benign	0.212	0.982	1	1	0.469	3.127	4.542	911	NA	NA	NA	NA	0	0	0	0	0	1	11	20	5	4	2	0	0	2	3	0	0	0	0	0	0	0	0	0	0	3232.29	2.06098e-276	6.02	6.02	NA	NA	20.75	3.89	7.05	1.29	9.96	2.14	13.35	2.01	4.50	1.04	12.25	2.47	6.90	1.76	57.15	12.15	30.18	7.03	16.27	3.56	6.48	1.79	0.55	0.13	6.19	1.08	81	0	0	0	0	0	0	0.005	0	0	5	0	1	16	2	6	159	28	60	1371	NA	NA	NA	5	5	2.383344	22.0
10	119677132	G	T	SNV	0	CodingTranscript	NON_SYNONYMOUS	7	missense	0.543	0.013	NA	NA	NA	NA	E	D	ENSG00000151929	ENST00000369085	BAG3	CCDS7615.1	NA	4/4	1884	0.733	1578	0.913	526	0.915	hmmpanther	NA	NA	20522	425	tolerated	0.06	benign	0	0.971	0.98	0.966	0.595	0.002	0.169	911	NA	NA	NA	NA	0	0	0	0	0	1	11	20	5	4	2	0	0	2	3	0	0	0	0	0	0	0	0	0	0	3232.29	2.06098e-276	6.02	-1.06	NA	NA	20.86	3.89	7.12	1.36	10.23	2.14	13.35	2.01	4.46	1.04	12.25	2.47	6.89	1.76	55.43	12.15	32.15	7.71	16.07	3.56	6.75	1.79	0.55	0.13	5.75	1.07	0	0	0	0	0	0	0	-0.009	0	0	7	0	1	16	2	6	162	28	60	1371	NA	NA	NA	5	5	1.359298	14.80
10	119677136	G	C	SNV	0	CodingTranscript	NON_SYNONYMOUS	7	missense	0.543	0.013	NA	NA	NA	NA	G	R	ENSG00000151929	ENST00000369085	BAG3	CCDS7615.1	NA	4/4	1888	0.734	1582	0.916	528	0.918	lcompl	NA	NA	20526	429	deleterious	0.03	benign	0.055	0.935	0.961	0.97	-0.438	0.794	1.556	911	NA	NA	NA	NA	0	0	0	0	0	1	11	20	5	4	2	0	0	2	3	0	0	0	0	0	0	0	0	0	0	3232.29	2.06098e-276	6.02	2.22	NA	NA	21.25	3.87	7.67	1.25	10.25	2.14	13.41	1.96	5.36	0.92	12.75	2.97	6.89	1.76	55.50	12.15	31.77	7.03	14.86	3.56	6.49	1.54	0.55	0.13	5.63	1.06	125	0	0	0	0	0	0	0.016	0	0	8	0	1	17	2	6	162	28	60	1372	NA	NA	NA	5	5	2.184864	20.7
10	119677139	G	T	SNV	0	CodingTranscript	NON_SYNONYMOUS	7	missense	0.536	0.013	NA	NA	NA	NA	A	S	ENSG00000151929	ENST00000369085	BAG3	CCDS7615.1	NA	4/4	1891	0.736	1585	0.917	529	0.92	lcompl	NA	NA	20529	432	tolerated	0.4	benign	0.001	0.924	0.001	0	0.404	0.374	0.21	911	NA	NA	NA	NA	0	0	0	0	0	1	11	20	5	4	2	0	0	2	3	0	0	0	0	0	0	0	0	0	0	3232.29	2.06098e-276	5.93	0.893	NA	NA	20.44	3.66	7.53	1.13	10.18	2.06	13.15	1.96	5.13	0.85	12.71	2.97	7.16	2.01	55.79	11.51	32.64	6.81	15.06	3.26	6.50	1.54	0.55	0.13	5.89	1.04	99	0	0	0	0	0	0	-0.004	0	0	4	0	1	19	2	6	162	28	60	1371	NA	NA	NA	5	5	0.673994	8.215
10	119677140	C	G	SNV	0	CodingTranscript	NON_SYNONYMOUS	7	missense	0.536	0.013	NA	NA	NA	NA	A	G	ENSG00000151929	ENST00000369085	BAG3	CCDS7615.1	NA	4/4	1892	0.736	1586	0.918	529	0.92	lcompl	NA	NA	20530	433	deleterious	0.05	benign	0.027	0.917	0.001	0.002	0.289	0.343	1.063	911	NA	NA	NA	NA	0	0	0	0	0	1	11	20	5	4	2	0	0	2	3	0	0	0	0	0	0	0	0	0	0	3232.29	2.06098e-276	5.93	3.08	NA	NA	20.16	3.66	7.53	1.13	10.59	2.47	13.15	1.96	5.67	0.85	12.71	2.97	7.16	2.01	56.11	11.83	32.02	7.03	15.01	3.26	6.50	1.54	0.55	0.13	5.93	1.07	60	0	0	0	0	0	0	-0.017	0	0	5	0	1	20	2	6	162	28	60	1371	NA	NA	NA	5	5	1.717168	17.14
10	119677140	C	T	SNV	0	CodingTranscript	NON_SYNONYMOUS	7	missense	0.536	0.013	NA	NA	NA	NA	A	V	ENSG00000151929	ENST00000369085	BAG3	CCDS7615.1	NA	4/4	1892	0.736	1586	0.918	529	0.92	lcompl	NA	NA	20530	433	tolerated	0.49	benign	0	0.917	0.001	0.002	0.289	0.343	1.063	911	NA	NA	NA	NA	0	0	0	0	0	1	11	20	5	4	2	0	0	2	3	0	0	0	0	0	0	0	0	0	0	3232.29	2.06098e-276	5.93	3.08	NA	NA	20.16	3.66	7.53	1.13	10.59	2.47	13.15	1.96	5.67	0.85	12.71	2.97	7.16	2.01	56.11	11.83	32.02	7.03	15.01	3.26	6.50	1.54	0.55	0.13	5.93	1.07	64	0	0	0	0	0	0	-0.006	0	0	5	0	1	20	2	6	162	28	60	1371	NA	NA	NA	5	5	1.001527	11.64
10	119677142	G	A	SNV	0	CodingTranscript	NON_SYNONYMOUS	7	missense	0.543	0.013	NA	NA	NA	NA	V	M	ENSG00000151929	ENST00000369085	BAG3	CCDS7615.1	NA	4/4	1894	0.737	1588	0.919	530	0.922	lcompl	NA	NA	20532	435	tolerated	0.53	benign	0.001	0.899	0	0	-0.491	-4.34	-1.926	911	NA	NA	NA	NA	0	0	0	0	0	1	11	20	5	4	2	0	0	2	3	0	0	0	0	0	0	0	0	0	0	3232.29	2.06098e-276	6.04	-12.1	NA	NA	20.06	3.66	8.46	1.50	11.12	2.47	13.15	1.96	6.36	1.26	12.01	2.72	6.92	1.76	57.72	11.83	32.67	7.26	15.56	3.26	6.76	1.79	0.55	0.13	5.96	1.17	21	0	0	0	0	0	0	-0.004	0	0	5	0	1	20	2	6	162	28	60	1371	NA	NA	NA	5	5	-0.875662	0.016
10	119677152	A	C	SNV	0	CodingTranscript	NON_SYNONYMOUS	7	missense	0.55	0.013	NA	NA	NA	NA	D	A	ENSG00000151929	ENST00000369085	BAG3	CCDS7615.1	NA	4/4	1904	0.741	1598	0.925	533	0.927	lcompl	NA	NA	20542	445	deleterious	0	benign	0.138	0.624	0.999	1	0.475	2.013	1.882	911	NA	NA	NA	NA	0	0	0	0	0	1	11	20	5	4	2	0	0	2	3	0	0	0	0	0	0	0	0	0	0	3232.29	2.06098e-276	6.54	5.42	NA	NA	20.74	3.66	8.17	1.50	10.94	2.47	12.43	2.07	6.55	1.26	10.51	2.46	7.06	1.76	54.95	8.87	32.89	7.71	16.45	2.96	7.06	1.79	0.53	0.14	5.96	1.21	126	0	0	0	0	0	0	0.001	0	0	32	0	1	22	2	6	161	28	60	1370	NA	NA	NA	5	5	2.817551	23.1
10	119677153	C	A	SNV	0	CodingTranscript	NON_SYNONYMOUS	7	missense	0.556	0.027	NA	NA	NA	NA	D	E	ENSG00000151929	ENST00000369085	BAG3	CCDS7615.1	NA	4/4	1905	0.741	1599	0.925	533	0.927	lcompl	NA	NA	20543	446	deleterious	0.02	benign	0.021	0.5	0.996	1	-0.484	0.929	1.405	911	NA	NA	NA	NA	0	0	0	0	0	1	11	20	5	4	2	0	0	2	3	0	0	0	0	0	0	0	0	0	0	3232.29	2.06098e-276	6.54	4.71	NA	NA	20.63	3.66	8.66	1.50	10.94	2.47	12.43	2.07	6.97	1.26	10.64	2.59	7.32	2.01	54.95	8.87	33.20	7.71	16.75	3.26	7.06	1.79	0.53	0.14	6.07	1.25	0	0	0	0	0	0	0	-0.003	0	0	32	0	1	22	2	6	161	28	60	1370	NA	NA	NA	5	5	1.965420	18.99
10	119677153	C	G	SNV	0	CodingTranscript	NON_SYNONYMOUS	7	missense	0.556	0.027	NA	NA	NA	NA	D	E	ENSG00000151929	ENST00000369085	BAG3	CCDS7615.1	NA	4/4	1905	0.741	1599	0.925	533	0.927	lcompl	NA	NA	20543	446	deleterious	0.02	benign	0.021	0.5	0.996	1	-0.484	0.929	1.405	911	NA	NA	NA	NA	0	0	0	0	0	1	11	20	5	4	2	0	0	2	3	0	0	0	0	0	0	0	0	0	0	3232.29	2.06098e-276	6.54	4.71	NA	NA	20.63	3.66	8.66	1.50	10.94	2.47	12.43	2.07	6.97	1.26	10.64	2.59	7.32	2.01	54.95	8.87	33.20	7.71	16.75	3.26	7.06	1.79	0.53	0.14	6.07	1.25	0	0	0	0	0	0	0	0.002	0	0	32	0	1	22	2	6	161	28	60	1370	NA	NA	NA	5	5	1.980143	19.11
10	119677154	A	G	SNV	0	CodingTranscript	NON_SYNONYMOUS	7	missense	0.556	0.027	NA	NA	NA	NA	K	E	ENSG00000151929	ENST00000369085	BAG3	CCDS7615.1	NA	4/4	1906	0.741	1600	0.926	534	0.929	lcompl	NA	NA	20544	447	tolerated	0.06	benign	0.162	0.454	0.987	1	-0.393	0.303	1.87	911	NA	NA	NA	NA	0	0	0	0	0	1	11	20	5	4	2	0	0	2	3	0	0	0	0	0	0	0	0	0	0	3232.29	2.06098e-276	6.27	1.38	NA	NA	20.63	3.66	8.66	1.50	10.77	2.47	12.12	2.20	7.06	1.26	10.63	2.59	7.07	1.76	52.77	8.08	32.54	7.71	16.75	3.26	7.06	1.79	0.53	0.14	6.10	1.26	56	0	0	0	0	0	0	0.007	0	0	32	0	1	22	2	6	162	28	60	1370	NA	NA	NA	5	5	1.564907	16.15
10	119677155	A	G	SNV	0	CodingTranscript	NON_SYNONYMOUS	7	missense	0.556	0.027	NA	NA	NA	NA	K	R	ENSG00000151929	ENST00000369085	BAG3	CCDS7615.1	NA	4/4	1907	0.742	1601	0.927	534	0.929	lcompl	NA	NA	20545	448	deleterious	0.04	benign	0.014	0.438	0.984	0.998	0.475	1.143	1.877	911	NA	NA	NA	NA	0	0	0	0	0	1	11	20	5	4	2	0	0	2	3	0	0	0	0	0	0	0	0	0	0	3232.29	2.06098e-276	6.27	3.94	NA	NA	20.39	3.82	8.65	1.50	11.09	2.79	12.07	2.20	7.05	1.26	10.49	2.46	7.02	1.70	52.77	8.08	32.43	7.71	16.72	3.26	7	1.74	0.53	0.14	6.17	1.28	26	0	0	0	0	0	0	-0.01	0	0	32	0	1	21	2	6	162	28	60	1370	NA	NA	NA	5	5	2.323561	21.7
10	119677155	A	T	SNV	0	CodingTranscript	NON_SYNONYMOUS	7	missense	0.556	0.027	NA	NA	NA	NA	K	M	ENSG00000151929	ENST00000369085	BAG3	CCDS7615.1	NA	4/4	1907	0.742	1601	0.927	534	0.929	lcompl	NA	NA	20545	448	deleterious	0	possibly_damaging	0.781	0.438	0.984	0.998	0.475	1.143	1.877	911	NA	NA	NA	NA	0	0	0	0	0	1	11	20	5	4	2	0	0	2	3	0	0	0	0	0	0	0	0	0	0	3232.29	2.06098e-276	6.27	3.94	NA	NA	20.39	3.82	8.65	1.50	11.09	2.79	12.07	2.20	7.05	1.26	10.49	2.46	7.02	1.70	52.77	8.08	32.43	7.71	16.72	3.26	7	1.74	0.53	0.14	6.17	1.28	95	0	0	0	0	0	0	0	0	0	32	0	1	21	2	6	162	28	60	1370	NA	NA	NA	5	5	3.175538	23.8
10	119677158	G	C	SNV	0	CodingTranscript	NON_SYNONYMOUS	7	missense	0.556	0.027	NA	NA	NA	NA	G	A	ENSG00000151929	ENST00000369085	BAG3	CCDS7615.1	NA	4/4	1910	0.743	1604	0.928	535	0.93	lcompl	NA	NA	20548	451	tolerated	0.23	benign	0.01	0.358	0.16	0.117	0.595	0.268	0.62	911	NA	NA	NA	NA	0	0	0	0	0	1	11	20	5	4	2	0	0	2	3	0	0	0	0	0	0	0	0	0	0	3232.29	2.06098e-276	6.15	0.362	NA	NA	19.72	3.71	8.28	1.50	11.25	2.79	12.36	2.20	7.02	1.26	11.23	2.56	6.87	1.70	53.01	9.23	33.23	7.71	17.05	2.96	6.68	1.74	0.53	0.14	6.28	1.29	60	0	0	0	0	0	0	0.012	0	0	32	0	1	22	2	6	161	28	60	1370	NA	NA	NA	5	5	0.587747	7.393
10	119677177	T	A	SNV	0	CodingTranscript	NON_SYNONYMOUS	7	missense	0.55	0.027	NA	NA	NA	NA	N	K	ENSG00000151929	ENST00000369085	BAG3	CCDS7615.1	NA	4/4	1929	0.75	1623	0.939	541	0.941	lcompl	NA	NA	20567	470	tolerated	0.16	benign	0.058	0.121	0	0	0.469	-1.906	-1.834	911	NA	NA	NA	NA	0	0	0	0	0	1	11	20	5	4	2	0	0	2	3	0	0	0	0	0	0	0	0	0	0	3232.29	2.06098e-276	6.54	-7.67	NA	NA	20.81	3.49	7.57	1.94	11.48	2.79	12.70	2.50	5.49	0.88	11.16	2.59	5.38	1.70	51.49	10.77	32.60	7.03	17.55	3.24	6.79	2.23	0.61	0.12	7.40	1.51	94	0	0	0	0	0	0	0.002	0	0	32	0	1	19	2	6	160	28	60	1370	NA	NA	NA	5	5	-0.245990	0.406
10	119677178	G	T	SNV	0	CodingTranscript	NON_SYNONYMOUS	7	missense	0.556	0.027	NA	NA	NA	NA	A	S	ENSG00000151929	ENST00000369085	BAG3	CCDS7615.1	NA	4/4	1930	0.751	1624	0.94	542	0.943	lcompl	NA	NA	20568	471	tolerated	0.39	benign	0.003	0.11	0.001	0	0.595	1.281	0.623	911	NA	NA	NA	NA	0	0	0	0	0	1	11	20	5	4	2	0	0	2	3	0	0	0	0	0	0	0	0	0	0	3232.29	2.06098e-276	4.75	2.92	NA	NA	21.14	3.61	7.56	1.94	11.44	2.79	12.67	2.50	5.37	0.86	11.14	2.59	5.84	1.46	52.37	12.31	32.40	7.03	17.91	3.24	6.78	2.23	0.61	0.12	7.44	1.58	99	0	0	0	0	0	0	-0.007	0	0	32	0	1	20	2	6	160	28	60	1370	NA	NA	NA	5	5	0.491903	6.420
10	119677179	C	T	SNV	0	CodingTranscript	NON_SYNONYMOUS	7	missense	0.55	0.027	NA	NA	NA	NA	A	V	ENSG00000151929	ENST00000369085	BAG3	CCDS7615.1	NA	4/4	1931	0.751	1625	0.94	542	0.943	lcompl	NA	NA	20569	472	tolerated	0.13	benign	0.013	0.091	0	0	-1.503	-0.859	-0.301	911	NA	NA	NA	NA	0	0	0	0	0	1	11	20	5	4	2	0	0	2	3	0	0	0	0	0	0	0	0	0	0	3232.29	2.06098e-276	4.75	-5.61	NA	NA	21.18	3.78	7.54	1.94	10.90	2.79	12.63	2.46	5.78	0.86	11.14	2.59	6.21	1.47	52.99	12.93	33.22	7.26	16.28	3.24	6.61	2.23	0.61	0.12	7.50	1.61	64	0	0	0	0	0	0	-0.02	0	0	35	0	1	21	2	6	160	28	60	1370	NA	NA	NA	5	5	-0.425954	0.170
10	119677181	GAAGATC	G	DEL	6	CodingTranscript	INFRAME	6	inframe_deletion	0.558	0.026	NA	NA	NA	NA	EDP	A	ENSG00000151929	ENST00000369085	BAG3	CCDS7615.1	NA	4/4	1934	0.752	1628	0.942	543	0.944	hmmpanther	NA	NA	20572	475	NA	NA	NA	NA	0.14	0.161	0.424	0.595	4.494	3.868	911	NA	NA	NA	NA	0	0	0	0	0	1	11	20	5	4	2	0	0	2	3	0	0	0	0	0	0	0	0	0	0	3232.29	2.06098e-276	6.54	6.54	NA	NA	21.86	4.17	8.3	2.43	11.26	2.79	13.25	2.43	6.57	1.11	11.37	2.61	6.8	1.7	54.18	12.93	32.57	7.03	17.73	3.27	7.69	2.23	0.67	0.12	7.88	1.67	NA	NA	NA	NA	NA	NA	NA	NA	NA	NA	9	0	1	20	2	6	163	28	60	1369	NA	NA	NA	5	5	0.955936	11.07
10	119677182	A	C	SNV	0	CodingTranscript	NON_SYNONYMOUS	7	missense	0.55	0.027	NA	NA	NA	NA	E	A	ENSG00000151929	ENST00000369085	BAG3	CCDS7615.1	NA	4/4	1934	0.752	1628	0.942	543	0.944	hmmpanther	NA	NA	20572	475	tolerated	0.08	benign	0.039	0.138	0.102	0.255	0.475	0.375	0.939	911	NA	NA	NA	NA	0	0	0	0	0	1	11	20	5	4	2	0	0	2	3	0	0	0	0	0	0	0	0	0	0	3232.29	2.06098e-276	6.35	1.64	NA	NA	21.86	3.84	8.29	2.43	11.26	2.79	13.09	2.38	5.99	1.08	11.37	2.59	6.21	1.47	53.52	12.93	32.26	7.03	16.46	3.24	7.52	2.23	0.61	0.12	7.62	1.59	107	0	0	0	0	0	0	-0.01	0	0	8	0	1	20	2	6	162	28	60	1369	NA	NA	NA	5	5	0.952386	11.03
10	119677183	A	T	SNV	0	CodingTranscript	NON_SYNONYMOUS	7	missense	0.556	0.027	NA	NA	NA	NA	E	D	ENSG00000151929	ENST00000369085	BAG3	CCDS7615.1	NA	4/4	1935	0.753	1629	0.943	543	0.944	hmmpanther	NA	NA	20573	476	tolerated	0.16	benign	0.001	0.14	0.087	0.209	0.475	-0.211	0.015	911	NA	NA	NA	NA	0	0	0	0	0	1	11	20	5	4	2	0	0	2	3	0	0	0	0	0	0	0	0	0	0	3232.29	2.06098e-276	6.54	-1.99	NA	NA	20.80	3.84	8.29	2.43	10.88	2.79	13.11	2.43	5.99	1.08	10.65	2.59	6.28	1.47	53.24	12.93	32.35	7.03	16.46	3.24	7.69	2.23	0.61	0.12	7.64	1.59	0	0	0	0	0	0	0	-0.012	0	0	5	0	1	20	2	6	162	28	60	1368	NA	NA	NA	5	5	0.347558	4.837
10	119677184	G	A	SNV	0	CodingTranscript	NON_SYNONYMOUS	7	missense	0.563	0.027	NA	NA	NA	NA	D	N	ENSG00000151929	ENST00000369085	BAG3	CCDS7615.1	NA	4/4	1936	0.753	1630	0.943	544	0.946	hmmpanther	NA	NA	20574	477	deleterious	0	benign	0.001	0.139	0.161	0.424	0.595	4.494	3.868	911	NA	NA	NA	NA	0	0	0	0	0	1	11	20	5	4	2	0	0	2	3	0	0	0	0	0	0	0	0	0	0	3232.29	2.06098e-276	6.54	6.54	NA	NA	20.67	3.84	8.29	2.43	10.88	2.79	13.11	2.43	5.99	1.08	10.67	2.61	6.35	1.47	54.18	12.93	32.12	6.81	16.68	3.24	7.69	2.23	0.61	0.12	7.71	1.62	23	0	0	0	0	0	0	-0.019	0	0	5	0	1	19	2	6	162	28	60	1368	NA	NA	NA	5	5	2.227492	21.1
10	119677184	G	C	SNV	0	CodingTranscript	NON_SYNONYMOUS	7	missense	0.563	0.027	NA	NA	NA	NA	D	H	ENSG00000151929	ENST00000369085	BAG3	CCDS7615.1	NA	4/4	1936	0.753	1630	0.943	544	0.946	hmmpanther	NA	NA	20574	477	deleterious	0	benign	0.293	0.139	0.161	0.424	0.595	4.494	3.868	911	NA	NA	NA	NA	0	0	0	0	0	1	11	20	5	4	2	0	0	2	3	0	0	0	0	0	0	0	0	0	0	3232.29	2.06098e-276	6.54	6.54	NA	NA	20.67	3.84	8.29	2.43	10.88	2.79	13.11	2.43	5.99	1.08	10.67	2.61	6.35	1.47	54.18	12.93	32.12	6.81	16.68	3.24	7.69	2.23	0.61	0.12	7.71	1.62	81	0	0	0	0	0	0	-0.016	0	0	5	0	1	19	2	6	162	28	60	1368	NA	NA	NA	5	5	2.243090	21.2
10	119677185	AT	A	DEL	1	CodingTranscript	FRAME_SHIFT	7	frameshift	0.563	0.027	NA	NA	NA	NA	D	X	ENSG00000151929	ENST00000369085	BAG3	CCDS7615.1	NA	4/4	1938	0.754	1632	0.944	544	0.946	hmmpanther	NA	NA	20576	479	NA	NA	NA	NA	0.135	0	0	0.469	-2.277	-1.384	911	NA	NA	NA	NA	0	0	0	0	0	1	11	20	5	4	2	0	0	2	3	0	0	0	0	0	0	0	0	0	0	3232.29	2.06098e-276	6.54	-13	NA	NA	21.42	4.17	8.29	2.43	10.88	2.79	13.25	2.43	6.33	1.11	11.24	2.61	6.80	1.70	53.05	12.31	32.38	7.03	17.12	3.24	7.69	2.23	0.67	0.12	7.49	1.67	NA	0	0	0	0	0	0	-0.004	0	0	5	0	1	19	2	6	163	28	60	1368	NA	NA	NA	5	5	0.995375	11.56
10	119677187	C	G	SNV	0	CodingTranscript	NON_SYNONYMOUS	7	missense	0.563	0.027	NA	NA	NA	NA	P	A	ENSG00000151929	ENST00000369085	BAG3	CCDS7615.1	NA	4/4	1939	0.754	1633	0.945	545	0.948	hmmpanther	NA	NA	20577	480	tolerated	0.09	benign	0.006	0.133	0.001	0	0.418	0.499	0.176	911	NA	NA	NA	NA	0	0	0	0	0	1	11	20	5	4	2	0	0	2	3	0	0	0	0	0	0	0	0	0	0	3232.29	2.06098e-276	6.54	3.76	NA	NA	20.89	4.17	8.30	2.43	10.88	2.79	13.25	2.43	6.26	1.11	11.22	2.59	6.80	1.70	52.78	12.31	32.15	7.03	17.73	3.27	7.69	2.23	0.67	0.12	7.88	1.67	27	0	0	0	0	0	0	-0	0	0	6	0	1	19	2	6	163	28	60	1368	NA	NA	NA	5	5	0.462321	6.106
10	119677188	C	G	SNV	0	CodingTranscript	NON_SYNONYMOUS	7	missense	0.563	0.027	NA	NA	NA	NA	P	R	ENSG00000151929	ENST00000369085	BAG3	CCDS7615.1	NA	4/4	1940	0.755	1634	0.946	545	0.948	hmmpanther	NA	NA	20578	481	deleterious	0.02	benign	0.216	0.129	0.001	0.004	0.418	0.889	1.201	911	NA	NA	NA	NA	0	0	0	0	0	1	11	20	5	4	2	0	0	2	3	0	0	0	0	0	0	0	0	0	0	3232.29	2.06098e-276	6.31	4.5	NA	NA	20.92	4.17	7.23	1.64	10.48	2.39	13.25	2.43	6.28	1.11	12.44	2.59	6.81	1.70	51.89	12.31	32.19	7.26	17.73	3.27	7.69	2.23	0.67	0.12	7.89	1.67	103	0	0	0	0	0	0	0.016	0	0	2	0	1	18	2	6	163	28	60	1369	NA	NA	NA	5	5	1.399182	15.08
10	119677191	A	T	SNV	0	CodingTranscript	NON_SYNONYMOUS	7	missense	0.55	0.027	NA	NA	NA	NA	H	L	ENSG00000151929	ENST00000369085	BAG3	CCDS7615.1	NA	4/4	1943	0.756	1637	0.947	546	0.95	hmmpanther	NA	NA	20581	484	deleterious	0	benign	0.003	0.094	0.001	0.091	0.475	1.137	3.568	911	NA	NA	NA	NA	0	0	0	0	0	1	11	20	5	4	2	0	0	2	3	0	0	0	0	0	0	0	0	0	0	3232.29	2.06098e-276	6.31	3.97	NA	NA	20.71	4.22	6.84	1.64	10.63	2.39	14	2.38	6.02	1.11	13.62	2.62	5.99	1.70	50.05	12.31	33.37	7.26	17.41	3.27	7.83	2.23	0.67	0.12	7.35	1.54	99	0	0	0	0	0	0	0.003	0	0	4	0	1	18	2	6	162	28	60	1370	NA	NA	NA	5	5	1.515796	15.84
10	119677193	A	C	SNV	0	CodingTranscript	NON_SYNONYMOUS	7	missense	0.556	0.027	NA	NA	NA	NA	T	P	ENSG00000151929	ENST00000369085	BAG3	CCDS7615.1	NA	4/4	1945	0.757	1639	0.948	547	0.951	lcompl	NA	NA	20583	486	deleterious	0.04	benign	0.216	0.074	0	0	-0.347	-0.587	0.009	911	NA	NA	NA	NA	0	0	0	0	0	1	11	20	5	4	2	0	0	2	3	0	0	0	0	0	0	0	0	0	0	3232.29	2.06098e-276	6.31	-4.65	NA	NA	20.71	4.22	6.84	1.64	10.63	2.39	14.02	2.40	5.92	1.11	13.49	2.49	5.99	1.70	49.46	12.31	33.37	7.26	17.61	3.27	7.83	2.23	0.67	0.12	6.92	1.43	38	0	0	0	0	0	0	-0.002	0	0	7	0	0	18	2	6	163	28	60	1369	NA	NA	NA	5	5	0.569647	7.215
10	119677196	G	C	SNV	0	CodingTranscript	NON_SYNONYMOUS	7	missense	0.556	0.027	NA	NA	NA	NA	E	Q	ENSG00000151929	ENST00000369085	BAG3	CCDS7615.1	NA	4/4	1948	0.758	1642	0.95	548	0.953	lcompl	NA	NA	20586	489	tolerated	0.06	possibly_damaging	0.796	0.117	0.005	0.988	-0.213	1.437	4.361	911	NA	NA	NA	NA	0	0	0	0	0	1	11	20	5	4	2	0	0	2	3	0	0	0	0	0	0	0	0	0	0	3232.29	2.06098e-276	6.54	3.68	NA	NA	20.58	4.22	6.83	1.64	10.25	2.39	14.62	2.40	5.92	1.11	13.29	2.64	6.06	1.70	45.32	10.77	34.18	7.03	17.58	3.24	8.06	2.48	0.67	0.12	6.93	1.41	29	0	0	0	0	0	0	-0.014	0	0	7	0	0	18	2	5	162	28	60	1369	NA	NA	NA	5	5	1.823083	17.90
10	119677200	C	G	SNV	0	CodingTranscript	NON_SYNONYMOUS	7	missense	0.563	0.027	NA	NA	NA	NA	T	S	ENSG00000151929	ENST00000369085	BAG3	CCDS7615.1	NA	4/4	1952	0.759	1646	0.953	549	0.955	lcompl	NA	NA	20590	493	tolerated	0.5	benign	0.001	0.361	0.006	0.003	0.418	0.051	0.118	911	NA	NA	NA	NA	0	0	0	0	0	1	11	20	5	4	2	0	0	2	3	0	0	0	0	0	0	0	0	0	0	3232.29	2.06098e-276	6.54	1.55	NA	NA	19.91	4.28	6.85	1.64	10.26	2.39	13.61	2.43	6.12	1.67	13.32	2.77	5.71	1.70	43.02	8.08	34.43	7.03	17.92	3.24	7.92	2.48	0.67	0.12	6.88	1.36	58	0	0	0	0	0	0	0.008	0	0	10	0	0	16	2	5	161	28	60	1368	NA	NA	NA	5	5	0.246082	3.658
10	119677203	A	G	SNV	0	CodingTranscript	NON_SYNONYMOUS	7	missense	0.57	0.027	NA	NA	NA	NA	Q	R	ENSG00000151929	ENST00000369085	BAG3	CCDS7615.1	NA	4/4	1955	0.76	1649	0.954	550	0.957	lcompl	NA	NA	20593	496	tolerated	0.06	benign	0	0.48	0.499	0.286	0.475	0.355	0.853	911	NA	NA	NA	NA	0	0	0	0	0	0	10	21	5	3	2	0	0	1	6	0	0	0	0	0	0	0	0	0	0	3232.29	2.06098e-276	6.54	1.68	NA	NA	19.58	4.28	7.20	1.64	10.76	2.39	13.86	2.43	6.12	1.67	13.02	2.62	5.70	1.70	43.18	6.46	36.42	7.03	18.89	3.24	8.01	2.48	0.67	0.12	6.79	1.31	43	0	0	0	0	0	0	0.006	0	0	6	0	0	17	2	5	162	28	60	1368	NA	NA	NA	5	5	1.178604	13.46
10	119677205	C	A	SNV	0	CodingTranscript	NON_SYNONYMOUS	7	missense	0.57	0.04	NA	NA	NA	NA	Q	K	ENSG00000151929	ENST00000369085	BAG3	CCDS7615.1	NA	4/4	1957	0.761	1651	0.955	551	0.958	lcompl	NA	NA	20595	498	deleterious	0.01	benign	0.039	0.549	0.561	0.832	0.418	2.907	3.77	911	NA	NA	NA	NA	0	0	0	0	0	0	10	21	5	3	2	0	0	1	6	0	0	0	0	0	0	0	0	0	0	3232.29	2.06098e-276	6.54	6.54	NA	NA	19.47	4.17	6.54	1.64	10.76	2.39	13.30	2.43	6.71	1.67	12.08	2.46	5.70	1.70	43.89	6.46	36.20	7.03	18.92	3.27	8.01	2.48	0.67	0.12	6.67	1.31	53	0	0	0	0	0	0	0.006	0	0	6	0	0	17	2	5	163	28	60	1367	NA	NA	NA	5	5	2.358088	21.9
10	119677212	A	ATCCCCACACAGAAACCCAGCAGCCAGA	INS	27	CodingTranscript	INFRAME	6	inframe_insertion	0.567	0.04	NA	NA	NA	NA	E	DPHTETQQPE	ENSG00000151929	ENST00000369085	BAG3	CCDS7615.1	NA	4/4	1964	0.764	1658	0.959	553	0.962	lcompl	NA	NA	20602	505	NA	NA	NA	NA	0.732	0.994	1	0.475	1.172	2.613	911	NA	NA	NA	NA	0	0	0	0	0	0	10	21	5	3	2	0	0	1	6	0	0	0	0	0	0	0	0	0	0	3232.29	2.06098e-276	6.54	4.18	NA	NA	20.19	3.84	6.45	1.31	10.79	2.88	13.79	2.43	7.14	1.67	13.31	2.45	5.84	1.76	48.65	7.54	35.07	5.85	18.99	3.27	8.49	2.56	0.71	0.14	6.8	1.4	NA	NA	NA	NA	NA	NA	NA	NA	NA	NA	12	0	0	19	2	5	160	28	60	1367	NA	NA	NA	5	5	1.322802	14.55
10	119677218	C	A	SNV	0	CodingTranscript	NON_SYNONYMOUS	7	missense	0.57	0.027	NA	NA	NA	NA	T	K	ENSG00000151929	ENST00000369085	BAG3	CCDS7615.1	NA	4/4	1970	0.766	1664	0.963	555	0.965	lcompl	NA	NA	20608	511	tolerated	1	benign	0	0.586	0.294	0.993	-0.646	0.307	0.933	911	NA	NA	NA	NA	0	0	0	0	0	0	10	21	5	3	2	0	0	1	6	0	0	0	0	0	0	0	0	0	0	3232.29	2.06098e-276	6.51	1.69	NA	NA	20.32	3.79	6.17	1.42	10.34	2.98	15.30	2.49	7.53	1.67	13.72	2.42	5.90	1.82	48.53	8.37	35.13	6.06	19.19	3.27	8.82	2.65	0.71	0.14	6.76	1.42	78	0	0	0	0	0	0	-0.007	0	0	8	0	0	19	2	5	158	28	60	1367	NA	NA	NA	5	5	0.500524	6.510
10	119677220	G	GACAG	INS	4	CodingTranscript	FRAME_SHIFT	7	frameshift	0.56	0.027	NA	NA	NA	NA	A	DSX	ENSG00000151929	ENST00000369085	BAG3	CCDS7615.1	NA	4/4	1972	0.767	1666	0.964	556	0.967	lcompl	NA	NA	20610	513	NA	NA	NA	NA	0.439	0.183	0.995	0.595	2.675	4.656	911	NA	NA	NA	NA	0	0	0	0	0	0	10	21	5	3	2	0	0	1	6	0	0	0	0	0	0	0	0	0	0	3232.29	2.06098e-276	5.94	5.04	NA	NA	19.99	3.79	6.30	1.55	10.34	2.98	14.63	2.49	7.53	1.67	13.72	2.42	5.90	1.82	46.52	7.54	35.04	6.06	20.2	3.61	8.82	2.65	0.71	0.14	6.67	1.4	NA	NA	NA	NA	NA	NA	NA	NA	NA	NA	9	0	0	19	2	5	157	28	60	1368	NA	NA	NA	5	5	4.006982	27.0
10	119677221	C	A	SNV	0	CodingTranscript	NON_SYNONYMOUS	7	missense	0.556	0.027	NA	NA	NA	NA	A	E	ENSG00000151929	ENST00000369085	BAG3	CCDS7615.1	NA	4/4	1973	0.767	1667	0.965	556	0.967	lcompl	NA	NA	20611	514	tolerated	1	benign	0	0.408	0.002	0.12	-0.584	-0.59	0.053	911	NA	NA	NA	NA	0	0	0	0	0	0	10	21	5	3	2	0	0	1	6	0	0	0	0	0	0	0	0	0	0	3232.29	2.06098e-276	5.94	-3.13	NA	NA	19.99	3.79	6.30	1.55	10.34	2.98	14.63	2.49	7.53	1.67	13.48	2.42	5.90	1.82	46.38	7.54	35.04	6.06	20.20	3.61	8.82	2.65	0.71	0.14	6.67	1.39	107	0	0	0	0	0	0	0.002	0	0	9	0	0	19	2	5	156	28	60	1368	NA	NA	NA	5	5	-0.402425	0.190
10	119677221	C	T	SNV	0	CodingTranscript	NON_SYNONYMOUS	7	missense	0.556	0.027	NA	NA	NA	NA	A	V	ENSG00000151929	ENST00000369085	BAG3	CCDS7615.1	NA	4/4	1973	0.767	1667	0.965	556	0.967	lcompl	NA	NA	20611	514	deleterious	0.01	benign	0.01	0.408	0.002	0.12	-0.584	-0.59	0.053	911	NA	NA	NA	NA	0	0	0	0	0	0	10	21	5	3	2	0	0	1	6	0	0	0	0	0	0	0	0	0	0	3232.29	2.06098e-276	5.94	-3.13	NA	NA	19.99	3.79	6.30	1.55	10.34	2.98	14.63	2.49	7.53	1.67	13.48	2.42	5.90	1.82	46.38	7.54	35.04	6.06	20.20	3.61	8.82	2.65	0.71	0.14	6.67	1.39	64	0	0	0	0	0	0	-0.019	0	0	9	0	0	19	2	5	156	28	60	1368	NA	NA	NA	5	5	0.786264	9.256
10	119677223	G	A	SNV	0	CodingTranscript	NON_SYNONYMOUS	7	missense	0.55	0.027	NA	NA	NA	NA	A	T	ENSG00000151929	ENST00000369085	BAG3	CCDS7615.1	NA	4/4	1975	0.768	1669	0.966	557	0.969	lcompl	NA	NA	20613	516	tolerated	0.2	benign	0.015	0.389	0.006	0.194	-0.316	1.416	2.276	911	NA	NA	NA	NA	0	0	0	0	0	0	10	21	5	3	2	0	0	1	6	0	0	0	0	0	0	0	0	0	0	3232.29	2.06098e-276	6.39	3.59	NA	NA	19.83	3.68	6.71	1.55	10.34	2.98	14.96	2.49	7.34	1.67	13.16	2.26	6.01	1.82	47.96	8.61	35.28	6.06	19.42	3.58	8.72	2.65	0.71	0.14	6.68	1.41	58	0	0	0	0	0	0	-0.002	0	0	6	0	0	19	2	5	156	28	60	1368	NA	NA	NA	5	5	0.984299	11.42
10	119677227	C	T	SNV	0	CodingTranscript	NON_SYNONYMOUS	7	missense	0.536	0.027	NA	NA	NA	NA	A	V	ENSG00000151929	ENST00000369085	BAG3	CCDS7615.1	NA	4/4	1979	0.77	1673	0.968	558	0.97	lcompl	NA	NA	20617	520	tolerated	0.36	benign	0.009	0.17	0.004	0.068	0.418	0.484	0.893	911	NA	NA	NA	NA	0	0	0	0	0	0	10	21	5	3	2	0	0	1	6	0	0	0	0	0	0	0	0	0	0	3232.29	2.06098e-276	6.54	3.73	NA	NA	20.34	3.63	6.58	1.66	9.86	2.98	14.45	2.49	7.89	2.22	12.24	2.23	5.98	1.82	49.37	9.69	37.82	6.08	21.37	3.87	9.13	2.54	0.75	0.20	6.62	1.43	64	0	0	0	0	0	0	-0.008	0	0	7	0	0	20	2	5	156	28	60	1368	NA	NA	NA	5	5	0.773782	9.135
10	119677236	A	C	SNV	0	CodingTranscript	NON_SYNONYMOUS	7	missense	0.536	0.04	NA	NA	NA	NA	N	T	ENSG00000151929	ENST00000369085	BAG3	CCDS7615.1	NA	4/4	1988	0.773	1682	0.973	561	0.976	hmmpanther	NA	NA	20626	529	deleterious	0.04	benign	0.024	0.247	0.003	0.021	0.475	0.105	0.992	911	NA	NA	NA	NA	0	0	0	0	0	0	10	21	5	3	2	0	0	1	6	0	0	0	0	0	0	0	0	0	0	3232.29	2.06098e-276	6.54	0.294	NA	NA	20.39	3.73	6.71	1.97	10.17	2.98	13.83	2.43	9.18	2.22	12.40	2.29	6.42	1.60	47.81	9.69	40.12	7.29	22.19	3.61	10.33	2.94	0.75	0.20	6.82	1.44	65	0	0	0	0	0	0	-0.001	0	0	13	0	0	21	2	5	156	28	60	1368	NA	NA	NA	5	5	1.204396	13.67
10	119677239	C	G	SNV	0	CodingTranscript	NON_SYNONYMOUS	7	missense	0.55	0.053	NA	NA	NA	NA	P	R	ENSG00000151929	ENST00000369085	BAG3	CCDS7615.1	NA	4/4	1991	0.774	1685	0.975	562	0.977	hmmpanther	NA	NA	20629	532	deleterious	0.03	possibly_damaging	0.897	0.474	0.145	0.097	0.418	2.907	1.959	911	NA	NA	NA	NA	0	0	0	0	0	0	10	21	5	3	2	0	0	1	6	0	0	0	0	0	0	0	0	0	0	3232.29	2.06098e-276	6.54	6.54	NA	NA	19.85	3.73	6.65	1.97	9.28	2.62	12.76	2.43	8.75	2.22	11.55	2.29	6	1.56	49.25	10.77	40.49	7.29	23.57	4.07	10.38	3.09	0.75	0.20	6.49	1.40	103	0	0	0	0	0	0	0.014	0	0	13	0	0	21	2	5	156	28	60	1368	NA	NA	NA	5	5	2.817040	23.1
10	119677239	C	T	SNV	0	CodingTranscript	NON_SYNONYMOUS	7	missense	0.55	0.053	NA	NA	NA	NA	P	L	ENSG00000151929	ENST00000369085	BAG3	CCDS7615.1	NA	4/4	1991	0.774	1685	0.975	562	0.977	hmmpanther	NA	NA	20629	532	tolerated	0.55	benign	0.018	0.474	0.145	0.097	0.418	2.907	1.959	911	NA	NA	NA	NA	0	0	0	0	0	0	10	21	5	3	2	0	0	1	6	0	0	0	0	0	0	0	0	0	0	3232.29	2.06098e-276	6.54	6.54	NA	NA	19.85	3.73	6.65	1.97	9.28	2.62	12.76	2.43	8.75	2.22	11.55	2.29	6	1.56	49.25	10.77	40.49	7.29	23.57	4.07	10.38	3.09	0.75	0.20	6.49	1.40	98	0	0	0	0	0	0	0.01	0	0	13	0	0	21	2	5	156	28	60	1368	NA	NA	NA	5	5	1.385698	14.99
10	119677241	A	C	SNV	0	CodingTranscript	NON_SYNONYMOUS	7	missense	0.55	0.053	NA	NA	NA	NA	S	R	ENSG00000151929	ENST00000369085	BAG3	CCDS7615.1	NA	4/4	1993	0.775	1687	0.976	563	0.979	hmmpanther	NA	NA	20631	534	deleterious	0.01	benign	0.216	0.495	0.001	0	0.475	-0.328	-0.334	911	NA	NA	NA	NA	0	0	0	0	0	0	10	21	5	3	2	0	0	1	6	0	0	0	0	0	0	0	0	0	0	3232.29	2.06098e-276	6.54	-3.24	NA	NA	19.57	3.62	6.85	1.97	8.60	2.29	13.28	2.43	8.74	2.22	11.52	2.45	6.37	1.56	53.04	10.77	38.88	6.69	23.86	4.07	10.30	3.09	0.75	0.20	6.40	1.35	110	0	0	0	0	0	0	-0.003	0	0	16	0	0	20	2	5	156	28	60	1367	NA	NA	NA	5	5	1.230611	13.87
10	119677241	A	G	SNV	0	CodingTranscript	NON_SYNONYMOUS	7	missense	0.55	0.053	NA	NA	NA	NA	S	G	ENSG00000151929	ENST00000369085	BAG3	CCDS7615.1	NA	4/4	1993	0.775	1687	0.976	563	0.979	hmmpanther	NA	NA	20631	534	tolerated	0.28	benign	0	0.495	0.001	0	0.475	-0.328	-0.334	911	NA	NA	NA	NA	0	0	0	0	0	0	10	21	5	3	2	0	0	1	6	0	0	0	0	0	0	0	0	0	0	3232.29	2.06098e-276	6.54	-3.24	NA	NA	19.57	3.62	6.85	1.97	8.60	2.29	13.28	2.43	8.74	2.22	11.52	2.45	6.37	1.56	53.04	10.77	38.88	6.69	23.86	4.07	10.30	3.09	0.75	0.20	6.40	1.35	56	0	0	0	0	0	0	0.007	0	0	16	0	0	20	2	5	156	28	60	1367	NA	NA	NA	5	5	0.438398	5.848
10	119677247	A	G	SNV	0	CodingTranscript	NON_SYNONYMOUS	7	missense	0.563	0.053	NA	NA	NA	NA	M	V	ENSG00000151929	ENST00000369085	BAG3	CCDS7615.1	NA	4/4	1999	0.778	1693	0.98	565	0.983	hmmpanther	NA	NA	20637	540	deleterious	0.01	benign	0	0.535	0.523	0.192	0.475	1.872	1.788	911	NA	NA	NA	NA	0	0	0	0	0	0	10	21	5	3	2	0	0	1	6	0	0	0	0	0	0	0	0	0	0	3232.29	2.06098e-276	6.24	5.11	NA	NA	19.92	3.79	6.53	2.07	8.64	1.96	12.89	2.21	9.83	2.22	11.58	2.58	7.28	1.56	54.99	11.51	40.29	6.69	25.23	4.65	11.23	3.09	0.86	0.26	6.15	1.22	21	0	0	0	0	0	0	0.002	0	0	8	0	0	19	2	5	157	28	60	1367	NA	NA	NA	5	5	1.826866	17.93
10	119677256	A	C	SNV	0	CodingTranscript	NON_SYNONYMOUS	7	missense	0.556	0.053	NA	NA	NA	NA	T	P	ENSG00000151929	ENST00000369085	BAG3	CCDS7615.1	NA	4/4	2008	0.781	1702	0.985	568	0.988	hmmpanther	NA	NA	20646	549	tolerated	0.14	benign	0.003	0.374	0.003	0.865	0.475	-0.51	0.218	911	NA	NA	NA	NA	0	0	0	0	0	0	10	21	5	3	2	0	0	1	6	0	0	0	0	0	0	0	0	0	0	3232.29	2.06098e-276	6.54	-3.75	NA	NA	21.27	4.40	6.58	1.94	8.29	1.50	13.49	2.21	8.76	2.22	12.62	2.42	6.93	1.56	55.55	12.47	37.77	6.48	26.14	5.81	10.65	3.39	0.86	0.26	5.89	1.15	38	0	0	0	0	0	0	-0.005	0	0	7	0	0	18	2	5	157	28	60	1367	NA	NA	NA	5	5	0.690870	8.371
10	119677256	A	G	SNV	0	CodingTranscript	NON_SYNONYMOUS	7	missense	0.556	0.053	NA	NA	NA	NA	T	A	ENSG00000151929	ENST00000369085	BAG3	CCDS7615.1	NA	4/4	2008	0.781	1702	0.985	568	0.988	hmmpanther	NA	NA	20646	549	tolerated	0.13	benign	0.001	0.374	0.003	0.865	0.475	-0.51	0.218	911	NA	NA	NA	NA	0	0	0	0	0	0	10	21	5	3	2	0	0	1	6	0	0	0	0	0	0	0	0	0	0	3232.29	2.06098e-276	6.54	-3.75	NA	NA	21.27	4.40	6.58	1.94	8.29	1.50	13.49	2.21	8.76	2.22	12.62	2.42	6.93	1.56	55.55	12.47	37.77	6.48	26.14	5.81	10.65	3.39	0.86	0.26	5.89	1.15	58	0	0	0	0	0	0	0.006	0	0	7	0	0	18	2	5	157	28	60	1367	NA	NA	NA	5	5	0.559678	7.115
10	119677257	C	G	SNV	0	CodingTranscript	NON_SYNONYMOUS	7	missense	0.55	0.053	NA	NA	NA	NA	T	S	ENSG00000151929	ENST00000369085	BAG3	CCDS7615.1	NA	4/4	2009	0.781	1703	0.986	568	0.988	hmmpanther	NA	NA	20647	550	tolerated	0.23	benign	0.003	0.317	0.006	0.873	0.418	1.614	3.652	911	NA	NA	NA	NA	0	0	0	0	0	0	10	21	5	3	2	0	0	1	6	0	0	0	0	0	0	0	0	0	0	3232.29	2.06098e-276	6.54	5.65	NA	NA	21.75	4.06	6.58	1.94	8.41	1.50	13.49	2.21	8.49	2.22	12.24	2.42	6.93	1.56	55.99	13.43	37.97	6.69	26.14	5.81	10.34	3.09	0.86	0.26	5.85	1.15	58	0	0	0	0	0	0	0.006	0	0	7	0	0	18	2	5	157	28	60	1367	NA	NA	NA	5	5	1.175669	13.44
10	119677263	G	A	SNV	0	CodingTranscript	NON_SYNONYMOUS	7	missense	0.543	0.053	NA	NA	NA	NA	G	D	ENSG00000151929	ENST00000369085	BAG3	CCDS7615.1	NA	4/4	2015	0.784	1709	0.989	570	0.991	hmmpanther	NA	NA	20653	556	deleterious	0.02	benign	0.058	0.223	0.945	0.283	0.595	2.021	1.765	911	NA	NA	NA	NA	0	0	0	0	0	0	10	21	5	3	2	0	0	1	6	0	0	0	0	0	0	0	0	0	0	3232.29	2.06098e-276	6.54	4.72	NA	NA	20.76	3.82	6.50	1.91	8.71	1.50	13.55	2.21	8.28	2.22	12.78	2.65	6.30	1.63	55.46	13.11	37.60	6.22	23.62	5.81	8.17	2.16	0.86	0.26	4.92	0.94	94	0	0	0	0	0	0	0.004	0	0	12	0	0	19	2	5	159	28	60	1369	NA	NA	NA	5	5	1.991857	19.19
10	119677271	G	GG	INS	1	CodingTranscript	FRAME_SHIFT	7	frameshift	0.533	0.054	NA	NA	NA	NA	A	GX	ENSG00000151929	ENST00000369085	BAG3	CCDS7615.1	NA	4/4	2023	0.787	1717	0.994	573	0.997	hmmpanther	NA	NA	20661	548	NA	NA	NA	NA	0.12	0.032	0.028	0.418	2.963	2.436	911	NA	NA	NA	NA	0	0	0	0	0	0	10	21	5	3	2	0	0	1	6	0	0	0	0	0	0	0	0	0	0	3232.29	2.06098e-276	6.54	4.71	NA	NA	20.87	3.71	6.76	1.91	8.56	1.5	14.32	3.09	7.92	2.22	13	2.48	6.56	1.87	57.96	12.79	33.04	6.69	22.71	5.81	9.27	2.16	0.95	0.33	4.88	0.94	NA	0	0	0	0	0	0	-0.002	0	0	12	0	1	18	2	5	157	28	60	1368	NA	NA	NA	4	4	3.244308	24.0
10	119677272	C	T	SNV	0	CodingTranscript	NON_SYNONYMOUS	7	missense	0.53	0.053	NA	NA	NA	NA	A	V	ENSG00000151929	ENST00000369085	BAG3	CCDS7615.1	NA	4/4	2024	0.787	1718	0.994	573	0.997	hmmpanther	NA	NA	20662	548	deleterious	0.03	benign	0.003	0.12	0.005	0.009	0.418	0.087	0.559	911	NA	NA	NA	NA	0	0	0	0	0	0	10	21	5	3	2	0	0	1	6	0	0	0	0	0	0	0	0	0	0	3232.29	2.06098e-276	5.97	2.01	NA	NA	20.67	3.71	6.43	1.91	8.15	1.50	14.32	3.09	7.92	2.22	13	2.48	6.56	1.87	57.44	12.47	33.04	6.69	22.71	5.81	8.94	2.16	0.95	0.33	4.70	0.93	64	0	0	0	0	0	0	-0.021	0	0	12	0	1	18	2	5	157	28	60	1367	NA	NA	NA	4	4	1.186482	13.53
10	119677274	G	T	SNV	0	CodingTranscript	NON_SYNONYMOUS	7	missense	0.53	0.053	NA	NA	NA	NA	A	S	ENSG00000151929	ENST00000369085	BAG3	CCDS7615.1	NA	4/4	2026	0.788	1720	0.995	574	0.998	hmmpanther	NA	NA	20664	546	tolerated	0.16	benign	0.068	0.131	0.001	0.018	0.595	0.708	1.704	911	NA	NA	NA	NA	0	0	0	0	0	0	10	21	5	3	2	0	0	1	6	0	0	0	0	0	0	0	0	0	0	3232.29	2.06098e-276	5.97	2.1	NA	NA	21.06	3.65	6.43	1.91	7.90	1.50	14.55	3.09	7.86	2.22	13	2.48	6.33	1.63	56.90	12.15	33.09	6.69	22.71	5.81	8.94	2.16	0.95	0.33	4.47	0.85	99	0	0	0	0	0	0	-0.005	0	0	16	0	1	18	2	5	157	28	60	1367	NA	NA	NA	4	4	0.608464	7.594
10	119677278	C	G	SNV	0	CodingTranscript	NON_SYNONYMOUS	7	missense	0.523	0.053	NA	NA	NA	NA	P	R	ENSG00000151929	ENST00000369085	BAG3	CCDS7615.1	NA	4/4	2030	0.79	1724	0.998	575	1	hmmpanther	NA	NA	20668	542	deleterious	0	probably_damaging	0.999	0.09	0.041	0.763	-0.437	0.953	1.567	911	NA	NA	NA	NA	0	0	0	0	0	0	10	21	5	3	2	0	0	1	6	0	0	0	0	0	0	0	0	0	0	3232.29	2.06098e-276	6.54	4.69	NA	NA	21.63	3.89	6.65	1.91	7.99	1.87	14.68	3.09	7.43	1.67	13.45	2.65	6.60	1.63	58.19	12.15	30.49	5.47	22.95	5.23	8.98	2.16	0.95	0.33	4.17	0.83	103	0	0	0	0	0	0	-0.008	0	0	5	0	1	18	1	5	159	28	60	1367	NA	NA	NA	4	4	2.207058	20.9
10	119677278	C	T	SNV	0	CodingTranscript	NON_SYNONYMOUS	7	missense	0.523	0.053	NA	NA	NA	NA	P	L	ENSG00000151929	ENST00000369085	BAG3	CCDS7615.1	NA	4/4	2030	0.79	1724	0.998	575	1	hmmpanther	NA	NA	20668	542	deleterious	0	probably_damaging	0.997	0.09	0.041	0.763	-0.437	0.953	1.567	911	NA	NA	NA	NA	0	0	0	0	0	0	10	21	5	3	2	0	0	1	6	0	0	0	0	0	0	0	0	0	0	3232.29	2.06098e-276	6.54	4.69	NA	NA	21.63	3.89	6.65	1.91	7.99	1.87	14.68	3.09	7.43	1.67	13.45	2.65	6.60	1.63	58.19	12.15	30.49	5.47	22.95	5.23	8.98	2.16	0.95	0.33	4.17	0.83	98	0	0	0	0	0	0	-0.008	0	0	5	0	1	18	1	5	159	28	60	1367	NA	NA	NA	4	4	2.308685	21.6
